-- MySQL dump 10.13  Distrib 8.0.31, for Win64 (x86_64)
--
-- Host: localhost    Database: jobapp
-- ------------------------------------------------------
-- Server version	8.0.31

/*!40101 SET @OLD_CHARACTER_SET_CLIENT=@@CHARACTER_SET_CLIENT */;
/*!40101 SET @OLD_CHARACTER_SET_RESULTS=@@CHARACTER_SET_RESULTS */;
/*!40101 SET @OLD_COLLATION_CONNECTION=@@COLLATION_CONNECTION */;
/*!50503 SET NAMES utf8 */;
/*!40103 SET @OLD_TIME_ZONE=@@TIME_ZONE */;
/*!40103 SET TIME_ZONE='+00:00' */;
/*!40014 SET @OLD_UNIQUE_CHECKS=@@UNIQUE_CHECKS, UNIQUE_CHECKS=0 */;
/*!40014 SET @OLD_FOREIGN_KEY_CHECKS=@@FOREIGN_KEY_CHECKS, FOREIGN_KEY_CHECKS=0 */;
/*!40101 SET @OLD_SQL_MODE=@@SQL_MODE, SQL_MODE='NO_AUTO_VALUE_ON_ZERO' */;
/*!40111 SET @OLD_SQL_NOTES=@@SQL_NOTES, SQL_NOTES=0 */;

--
-- Table structure for table `account`
--

DROP TABLE IF EXISTS `account`;
/*!40101 SET @saved_cs_client     = @@character_set_client */;
/*!50503 SET character_set_client = utf8mb4 */;
CREATE TABLE `account` (
  `id` varchar(255) CHARACTER SET utf8mb4 COLLATE utf8mb4_vi_0900_ai_ci NOT NULL,
  `created_at` datetime NOT NULL,
  `state` varchar(255) CHARACTER SET utf8mb4 COLLATE utf8mb4_vi_0900_ai_ci NOT NULL,
  `role` varchar(255) CHARACTER SET utf8mb4 COLLATE utf8mb4_vi_0900_ai_ci NOT NULL,
  `username` varchar(255) CHARACTER SET utf8mb4 COLLATE utf8mb4_vi_0900_ai_ci NOT NULL,
  `password` varchar(255) CHARACTER SET utf8mb4 COLLATE utf8mb4_vi_0900_ai_ci NOT NULL,
  PRIMARY KEY (`id`),
  UNIQUE KEY `email_UNIQUE` (`username`),
  UNIQUE KEY `id_UNIQUE` (`id`)
) ENGINE=InnoDB DEFAULT CHARSET=utf8mb4 COLLATE=utf8mb4_vi_0900_ai_ci;
/*!40101 SET character_set_client = @saved_cs_client */;

--
-- Dumping data for table `account`
--

LOCK TABLES `account` WRITE;
/*!40000 ALTER TABLE `account` DISABLE KEYS */;
INSERT INTO `account` VALUES ('1','2023-09-16 04:41:21','active','admin','admin','$2a$10$GyMYKAfZqJKFZWHp9kKsGOBEID6B2w1QmQdvVC3vX/K.kapwgjd46'),('10','2023-09-16 04:41:21','active','employer','youtube@example.com','$2a$10$/s7sl9dGS.J9OceLH02RDO96BaT7NK6F0ZhFdlR4qOWsz1cPBtg.6'),('11','2023-09-16 04:41:21','active','employer','vingroup@example.com','$2a$10$ObXxK1v9HIVFFB9BAWaaa.DIMsZjLg6bBNCr7D4BuZFNaYHxXpZpS'),('12','2023-09-16 04:41:21','active','employer','tiktok@example.com','$2a$10$VV2TKnOU3N17jLUvXjdPGupLDaTJISCx8Ur9wfRZBmr.HmSfSLrqi'),('13','2023-09-16 04:41:21','active','employer','google@example.com','$2a$10$/s7sl9dGS.J9OceLH02RDO96BaT7NK6F0ZhFdlR4qOWsz1cPBtg.6'),('2','2023-09-16 04:41:21','active','employer','microsoft@example.com','$2a$10$ObXxK1v9HIVFFB9BAWaaa.DIMsZjLg6bBNCr7D4BuZFNaYHxXpZpS'),('3','2023-09-16 04:41:21','active','employer','airbnb@example.com','$2a$10$ObXxK1v9HIVFFB9BAWaaa.DIMsZjLg6bBNCr7D4BuZFNaYHxXpZpS'),('4','2023-09-16 04:41:21','pending','employer','slack@example.com','$2a$10$ObXxK1v9HIVFFB9BAWaaa.DIMsZjLg6bBNCr7D4BuZFNaYHxXpZpS'),('5','2023-09-16 04:41:21','active','employer','cloudinary@example.com','$2a$10$ObXxK1v9HIVFFB9BAWaaa.DIMsZjLg6bBNCr7D4BuZFNaYHxXpZpS'),('6','2023-09-16 04:41:21','active','employer','Instagram@example.com','$2a$10$ObXxK1v9HIVFFB9BAWaaa.DIMsZjLg6bBNCr7D4BuZFNaYHxXpZpS'),('60ce4695-22da-4333-bafa-19ca43cf6d3a','2023-09-29 07:35:20','active','candidate','candidate1@gmail.com','$2a$10$uT3O9mdDxrTsSvFm44TIwugy1N4..CO1.8uLQTS219HsxQvy1wFeq'),('7','2023-09-16 04:41:21','active','employer','xiaomi@example.com','$2a$10$ObXxK1v9HIVFFB9BAWaaa.DIMsZjLg6bBNCr7D4BuZFNaYHxXpZpS'),('8','2023-09-16 04:41:21','active','employer','meta@example.com','$2a$10$ObXxK1v9HIVFFB9BAWaaa.DIMsZjLg6bBNCr7D4BuZFNaYHxXpZpS'),('9','2023-09-16 04:41:21','active','employer','twitter@example.com','$2a$10$ObXxK1v9HIVFFB9BAWaaa.DIMsZjLg6bBNCr7D4BuZFNaYHxXpZpS'),('a7d0c590-e122-4e88-84a5-4a94a02dcea3','2023-10-15 16:52:24','refused','employer','123@123','$2a$10$D06UlgvunBYJKjQYCLQ16eQe2c8XqxLue3NUH2e5b1SIw3Tk6AQMC'),('a87cf42f-4eba-4cf3-abf8-abca38753dd1','2023-10-03 14:23:16','active','candidate','candidate3@gmail.com','$2a$10$EiDmgetIHzPjPuRpyrMleOAvH3L2rdQaYDH2AlrDZkfM/SU.HEmgG'),('c30050d1-818c-404d-8390-8190a1ef1293','2023-09-29 07:41:18','active','candidate','candidate2@gmail.com','$2a$10$eWbECEqwHaBhsgJdeB7gzeZnwNnKxo/CT2R0HAGjCt/t3ag9hxkvG');
/*!40000 ALTER TABLE `account` ENABLE KEYS */;
UNLOCK TABLES;

--
-- Table structure for table `application`
--

DROP TABLE IF EXISTS `application`;
/*!40101 SET @saved_cs_client     = @@character_set_client */;
/*!50503 SET character_set_client = utf8mb4 */;
CREATE TABLE `application` (
  `id` varchar(255) CHARACTER SET utf8mb4 COLLATE utf8mb4_vi_0900_ai_ci NOT NULL,
  `apply_date` date NOT NULL,
  `CV` varchar(255) CHARACTER SET utf8mb4 COLLATE utf8mb4_vi_0900_ai_ci NOT NULL,
  `letter` text CHARACTER SET utf8mb4 COLLATE utf8mb4_vi_0900_ai_ci NOT NULL,
  `state` varchar(255) CHARACTER SET utf8mb4 COLLATE utf8mb4_vi_0900_ai_ci NOT NULL,
  `phone_number` varchar(10) CHARACTER SET utf8mb4 COLLATE utf8mb4_vi_0900_ai_ci NOT NULL,
  `name` varchar(45) CHARACTER SET utf8mb4 COLLATE utf8mb4_vi_0900_ai_ci NOT NULL,
  `email` varchar(45) CHARACTER SET utf8mb4 COLLATE utf8mb4_vi_0900_ai_ci NOT NULL,
  `candidate_id` varchar(255) CHARACTER SET utf8mb4 COLLATE utf8mb4_vi_0900_ai_ci NOT NULL,
  `job_id` varchar(255) CHARACTER SET utf8mb4 COLLATE utf8mb4_vi_0900_ai_ci NOT NULL,
  PRIMARY KEY (`id`),
  UNIQUE KEY `id_UNIQUE` (`id`)
) ENGINE=InnoDB DEFAULT CHARSET=utf8mb4 COLLATE=utf8mb4_vi_0900_ai_ci;
/*!40101 SET character_set_client = @saved_cs_client */;

--
-- Dumping data for table `application`
--

LOCK TABLES `application` WRITE;
/*!40000 ALTER TABLE `application` DISABLE KEYS */;
INSERT INTO `application` VALUES ('3ac46ead-9c12-4952-827b-fc64daead00b','2023-10-18','7de51a47-7ce2-4a8c-b7b9-01c3507d103a.pdf','<p>123</p>','approved','123','hahaha','phamtanhoang3202@gmail.com','acb5af56-ebae-4ef1-9751-8bb05502ead7','8'),('631c39b5-f32a-4422-936a-0f9e61ab2907','2023-09-27','7de51a47-7ce2-4a8c-b7b9-01c3507d103a.pdf','<p>Dear Hiring Team at KMS Technology, Inc.,</p><p>I am Pham Tan Hoang, currently a fourth-year student majoring in Information Technology at Open University in Ho Chi Minh City.</p><p>I learned about your esteemed company through the LinkedIn.com website, and I am highly interested in the position of Java Software Engineer Intern that your company is currently recruiting for. I aspire to take on challenges and further develop my skills in your dynamic work environment. With my current knowledge and experience, I believe I can make a significant contribution to your projects and team.</p><p>I would like to express my sincere gratitude to the Hiring Team at KMS Technology, Inc. for taking the precious time to consider my job application. I am eagerly looking forward to the opportunity to participate in an interview, where I can elaborate further on my skills and experience and gain a better understanding of the requirements for the Software Engineer Intern position at your company.</p><p>Detailed information about myself has been enclosed within my application.</p><p>Yours sincerely,</p><p>Pham Tan Hoang</p>','pending','0362400302','Phạm Tấn Hoàng','phamtanhoang3202@gmail.com','acb5af56-ebae-4ef1-9751-8bb05502ead7','14'),('7a6a7718-7bd2-498c-a8de-04677a9316f1','2023-09-29','7de51a47-7ce2-4a8c-b7b9-01c3507d103a.pdf','<p>Dear Hiring Team at KMS Technology, Inc.,</p><p>I am Pham Tan Hoang, currently a fourth-year student majoring in Information Technology at Open University in Ho Chi Minh City.</p><p>I learned about your esteemed company through the LinkedIn.com website, and I am highly interested in the position of Java Software Engineer Intern that your company is currently recruiting for. I aspire to take on challenges and further develop my skills in your dynamic work environment. With my current knowledge and experience, I believe I can make a significant contribution to your projects and team.</p><p>I would like to express my sincere gratitude to the Hiring Team at KMS Technology, Inc. for taking the precious time to consider my job application. I am eagerly looking forward to the opportunity to participate in an interview, where I can elaborate further on my skills and experience and gain a better understanding of the requirements for the Software Engineer Intern position at your company.</p><p>Detailed information about myself has been enclosed within my application.</p><p>Yours sincerely,</p><p>Pham Tan Hoang</p>','refused','123','Phạm','phamtanhoang3202@gmail.com','acb5af56-ebae-4ef1-9751-8bb05502ead7','3'),('85637b33-4426-4537-beaa-29791146a529','2023-10-10','7de51a47-7ce2-4a8c-b7b9-01c3507d103a.pdf','<p>Dear Hiring Team at KMS Technology, Inc.,</p><p>I am Pham Tan Hoang, currently a fourth-year student majoring in Information Technology at Open University in Ho Chi Minh City.</p><p>I learned about your esteemed company through the LinkedIn.com website, and I am highly interested in the position of Java Software Engineer Intern that your company is currently recruiting for. I aspire to take on challenges and further develop my skills in your dynamic work environment. With my current knowledge and experience, I believe I can make a significant contribution to your projects and team.</p><p>I would like to express my sincere gratitude to the Hiring Team at KMS Technology, Inc. for taking the precious time to consider my job application. I am eagerly looking forward to the opportunity to participate in an interview, where I can elaborate further on my skills and experience and gain a better understanding of the requirements for the Software Engineer Intern position at your company.</p><p>Detailed information about myself has been enclosed within my application.</p><p>Yours sincerely,</p><p>Pham Tan Hoang</p>','pending','123123123','123','123','7fc7ce26-b3e9-415f-a548-789e8e34cf31','14'),('ac9c1b1f-dfde-4c2d-aca9-f592bb60e105','2023-10-10','7de51a47-7ce2-4a8c-b7b9-01c3507d103a.pdf','<p>Dear Hiring Team at KMS Technology, Inc.,</p><p>I am Pham Tan Hoang, currently a fourth-year student majoring in Information Technology at Open University in Ho Chi Minh City.</p><p>I learned about your esteemed company through the LinkedIn.com website, and I am highly interested in the position of Java Software Engineer Intern that your company is currently recruiting for. I aspire to take on challenges and further develop my skills in your dynamic work environment. With my current knowledge and experience, I believe I can make a significant contribution to your projects and team.</p><p>I would like to express my sincere gratitude to the Hiring Team at KMS Technology, Inc. for taking the precious time to consider my job application. I am eagerly looking forward to the opportunity to participate in an interview, where I can elaborate further on my skills and experience and gain a better understanding of the requirements for the Software Engineer Intern position at your company.</p><p>Detailed information about myself has been enclosed within my application.</p><p>Yours sincerely,</p><p>Pham Tan Hoang</p>','refused','0362123456','Lê Quang Đẹt','datlq@gmail.com','7fc7ce26-b3e9-415f-a548-789e8e34cf31','13');
/*!40000 ALTER TABLE `application` ENABLE KEYS */;
UNLOCK TABLES;

--
-- Table structure for table `blog`
--

DROP TABLE IF EXISTS `blog`;
/*!40101 SET @saved_cs_client     = @@character_set_client */;
/*!50503 SET character_set_client = utf8mb4 */;
CREATE TABLE `blog` (
  `id` varchar(255) CHARACTER SET utf8mb4 COLLATE utf8mb4_vi_0900_ai_ci NOT NULL,
  `title` varchar(255) CHARACTER SET utf8mb4 COLLATE utf8mb4_vi_0900_ai_ci NOT NULL,
  `content` text CHARACTER SET utf8mb4 COLLATE utf8mb4_vi_0900_ai_ci NOT NULL,
  `created_at` date NOT NULL,
  `image` varchar(255) COLLATE utf8mb4_vi_0900_ai_ci DEFAULT NULL,
  `account_id` varchar(255) CHARACTER SET utf8mb4 COLLATE utf8mb4_vi_0900_ai_ci NOT NULL,
  `state` varchar(255) COLLATE utf8mb4_vi_0900_ai_ci NOT NULL,
  PRIMARY KEY (`id`),
  UNIQUE KEY `id_UNIQUE` (`id`)
) ENGINE=InnoDB DEFAULT CHARSET=utf8mb4 COLLATE=utf8mb4_vi_0900_ai_ci;
/*!40101 SET character_set_client = @saved_cs_client */;

--
-- Dumping data for table `blog`
--

LOCK TABLES `blog` WRITE;
/*!40000 ALTER TABLE `blog` DISABLE KEYS */;
INSERT INTO `blog` VALUES ('1','Build Your New Idea with Laravel Freamwork.','<p >Thủ tướng Phạm Minh Chính tiếp tục có công điện về giải pháp phát triển thị trường bất động sản.</p><p >Kể từ khi thị trường bất động sản gặp khó từ 2022, đến nay, Thủ tướng đã nhiều lần ra chỉ đạo gỡ khó thông qua ban hành Nghị quyết, các công điện, công văn, quyết định khác nhau. Thủ tướng cũng thành lập Tổ công tác chuyên biệt, do Bộ Xây dựng làm đầu mối, về vấn đề này.</p><p >Tuy nhiên, Công điện cho biết, thị trường bất động sản vẫn gặp khó khăn, còn nhiều vướng mắc liên quan đến pháp lý, giao đất, định giá, thị trường vốn. Các thủ tục hành chính, phân cấp, phân quyền, tiếp cận tín dụng vẫn chưa thuận lợi.</p><p >Thực tế, trong báo cáo vừa gửi Ủy ban Kinh tế, Bộ Xây dựng cho biết, thị trường vẫn còn tiềm ẩn nhiều bất ổn, từ nguy cơ bong bóng sang suy thoái, nguồn cung bị thiếu, cơ cấu hàng hóa chưa phù hợp nhu cầu. Số lượng dự án hoàn thành trong quý II chỉ bằng nửa quý I và bằng khoảng 29% so với cùng kỳ 2022. Nhiều dự án bị dừng, chậm triển khai do khó khăn về pháp lý, vốn. Gói tín dụng 120.000 tỷ đồng hiện cũng mới giải ngân được 83 tỷ trong tổng số 1.095 tỷ đồng đã ký hợp đồng vay vốn, tức chưa đến 0,07%.</p><p >Trước tình hình này, Thủ tướng yêu cầu các bộ, ngành, địa phương phải xem việc tháo gỡ, thúc đẩy thị trường bất động sản là một trong những nhiệm vụ quan trọng. Ông cho biết, phải giải quyết theo nguyên tắc vướng mắc thuộc thẩm quyền cấp nào thì cấp đó phải xử lý, không né tránh, đùn đẩy, sợ sai, sợ trách nhiệm.</p><p >Thủ tướng giao Bộ trưởng Xây dựng - Tổ trưởng Tổ Công tác của Thủ tướng gỡ khó bất động sản kịp thời hướng dẫn, tháo gỡ các khó khăn của thị trường, doanh nghiệp. Thủ tướng yêu cầu phải đẩy nhanh tiến độ các dự án, nhất là dự án nhà ở, khu đô thị, khu công nghiệp lớn, có tác động lan tỏa.</p><p >Phía Bộ Xây dựng cũng cần đưa ra những giải pháp để đẩy mạnh phân cấp, phân quyền, cắt giảm thủ tục hành chính, loại bỏ các rào cản; Hoàn thiện các dự thảo về Luật Nhà ở, Luật Kinh doanh bất động sản cũng như các quy định liên quan đến triển khai dự án nhà ở thương mại, nhà ở xã hội; Đẩy nhanh tiến độ thực hiện đề án xây dựng 1 triệu căn nhà ở xã hội.</p><p >Ngân hàng Nhà nước được giao tiếp tục thúc đẩy việc cho vay tín dụng với bất động sản, trong đó có gói tín dụng 120.000 tỷ đồng cho nhà ở xã hội; tiếp tục tìm cách giảm mặt bằng lãi suất. Cơ quan này cũng cần cắt giảm thêm các thủ tục hành chính không phù hợp, gây phiền hà, tốn kém để doanh nghiệp, người mua nhà tiếp cận được nguồn vốn tín dụng thuận lợi; Có chính sách khuyến mại tín dụng đặc biệt dành cho các dự án khả thi, tiến độ triển khai nhanh, tạo động lực cho tăng trưởng và thúc đẩy thị trường bất động sản.</p><p >Các địa phương cũng cần thống kê, phân loại các dự án gặp vướng mắc, chủ động tìm nguyên nhân để gỡ khó. Với những vấn đề vượt thẩm quyền, công điện cho biết cần sớm gửi về Tổ công tác của Thủ tướng để giải quyết. Bên cạnh đó, Thủ tướng cũng yêu cầu các địa phương đẩy nhanh việc lập, phê duyệt các quy hoạch; công khai danh mục dự án đấu thầu để doanh nghiệp tham gia.</p>','2023-10-24','https://res.cloudinary.com/dcpatkvcu/image/upload/v1692603734/samples/imagecon-group.jpg','13','active'),('2','New Idea with Laravel Freamwork.','<p >Thủ tướng Phạm Minh Chính tiếp tục có công điện về giải pháp phát triển thị trường bất động sản.</p><p >Kể từ khi thị trường bất động sản gặp khó từ 2022, đến nay, Thủ tướng đã nhiều lần ra chỉ đạo gỡ khó thông qua ban hành Nghị quyết, các công điện, công văn, quyết định khác nhau. Thủ tướng cũng thành lập Tổ công tác chuyên biệt, do Bộ Xây dựng làm đầu mối, về vấn đề này.</p><p >Tuy nhiên, Công điện cho biết, thị trường bất động sản vẫn gặp khó khăn, còn nhiều vướng mắc liên quan đến pháp lý, giao đất, định giá, thị trường vốn. Các thủ tục hành chính, phân cấp, phân quyền, tiếp cận tín dụng vẫn chưa thuận lợi.</p><p >Thực tế, trong báo cáo vừa gửi Ủy ban Kinh tế, Bộ Xây dựng cho biết, thị trường vẫn còn tiềm ẩn nhiều bất ổn, từ nguy cơ bong bóng sang suy thoái, nguồn cung bị thiếu, cơ cấu hàng hóa chưa phù hợp nhu cầu. Số lượng dự án hoàn thành trong quý II chỉ bằng nửa quý I và bằng khoảng 29% so với cùng kỳ 2022. Nhiều dự án bị dừng, chậm triển khai do khó khăn về pháp lý, vốn. Gói tín dụng 120.000 tỷ đồng hiện cũng mới giải ngân được 83 tỷ trong tổng số 1.095 tỷ đồng đã ký hợp đồng vay vốn, tức chưa đến 0,07%.</p><p >Trước tình hình này, Thủ tướng yêu cầu các bộ, ngành, địa phương phải xem việc tháo gỡ, thúc đẩy thị trường bất động sản là một trong những nhiệm vụ quan trọng. Ông cho biết, phải giải quyết theo nguyên tắc vướng mắc thuộc thẩm quyền cấp nào thì cấp đó phải xử lý, không né tránh, đùn đẩy, sợ sai, sợ trách nhiệm.</p><p >Thủ tướng giao Bộ trưởng Xây dựng - Tổ trưởng Tổ Công tác của Thủ tướng gỡ khó bất động sản kịp thời hướng dẫn, tháo gỡ các khó khăn của thị trường, doanh nghiệp. Thủ tướng yêu cầu phải đẩy nhanh tiến độ các dự án, nhất là dự án nhà ở, khu đô thị, khu công nghiệp lớn, có tác động lan tỏa.</p><p >Phía Bộ Xây dựng cũng cần đưa ra những giải pháp để đẩy mạnh phân cấp, phân quyền, cắt giảm thủ tục hành chính, loại bỏ các rào cản; Hoàn thiện các dự thảo về Luật Nhà ở, Luật Kinh doanh bất động sản cũng như các quy định liên quan đến triển khai dự án nhà ở thương mại, nhà ở xã hội; Đẩy nhanh tiến độ thực hiện đề án xây dựng 1 triệu căn nhà ở xã hội.</p><p >Ngân hàng Nhà nước được giao tiếp tục thúc đẩy việc cho vay tín dụng với bất động sản, trong đó có gói tín dụng 120.000 tỷ đồng cho nhà ở xã hội; tiếp tục tìm cách giảm mặt bằng lãi suất. Cơ quan này cũng cần cắt giảm thêm các thủ tục hành chính không phù hợp, gây phiền hà, tốn kém để doanh nghiệp, người mua nhà tiếp cận được nguồn vốn tín dụng thuận lợi; Có chính sách khuyến mại tín dụng đặc biệt dành cho các dự án khả thi, tiến độ triển khai nhanh, tạo động lực cho tăng trưởng và thúc đẩy thị trường bất động sản.</p><p >Các địa phương cũng cần thống kê, phân loại các dự án gặp vướng mắc, chủ động tìm nguyên nhân để gỡ khó. Với những vấn đề vượt thẩm quyền, công điện cho biết cần sớm gửi về Tổ công tác của Thủ tướng để giải quyết. Bên cạnh đó, Thủ tướng cũng yêu cầu các địa phương đẩy nhanh việc lập, phê duyệt các quy hoạch; công khai danh mục dự án đấu thầu để doanh nghiệp tham gia.</p>','2023-10-21','https://res.cloudinary.com/dcpatkvcu/image/upload/v1692603735/samples/cloudinary-group.jpg','13','active'),('3','PHP: Array to Map','<p >Thủ tướng Phạm Minh Chính tiếp tục có công điện về giải pháp phát triển thị trường bất động sản.</p><p >Kể từ khi thị trường bất động sản gặp khó từ 2022, đến nay, Thủ tướng đã nhiều lần ra chỉ đạo gỡ khó thông qua ban hành Nghị quyết, các công điện, công văn, quyết định khác nhau. Thủ tướng cũng thành lập Tổ công tác chuyên biệt, do Bộ Xây dựng làm đầu mối, về vấn đề này.</p><p >Tuy nhiên, Công điện cho biết, thị trường bất động sản vẫn gặp khó khăn, còn nhiều vướng mắc liên quan đến pháp lý, giao đất, định giá, thị trường vốn. Các thủ tục hành chính, phân cấp, phân quyền, tiếp cận tín dụng vẫn chưa thuận lợi.</p><p >Thực tế, trong báo cáo vừa gửi Ủy ban Kinh tế, Bộ Xây dựng cho biết, thị trường vẫn còn tiềm ẩn nhiều bất ổn, từ nguy cơ bong bóng sang suy thoái, nguồn cung bị thiếu, cơ cấu hàng hóa chưa phù hợp nhu cầu. Số lượng dự án hoàn thành trong quý II chỉ bằng nửa quý I và bằng khoảng 29% so với cùng kỳ 2022. Nhiều dự án bị dừng, chậm triển khai do khó khăn về pháp lý, vốn. Gói tín dụng 120.000 tỷ đồng hiện cũng mới giải ngân được 83 tỷ trong tổng số 1.095 tỷ đồng đã ký hợp đồng vay vốn, tức chưa đến 0,07%.</p><p >Trước tình hình này, Thủ tướng yêu cầu các bộ, ngành, địa phương phải xem việc tháo gỡ, thúc đẩy thị trường bất động sản là một trong những nhiệm vụ quan trọng. Ông cho biết, phải giải quyết theo nguyên tắc vướng mắc thuộc thẩm quyền cấp nào thì cấp đó phải xử lý, không né tránh, đùn đẩy, sợ sai, sợ trách nhiệm.</p><p >Thủ tướng giao Bộ trưởng Xây dựng - Tổ trưởng Tổ Công tác của Thủ tướng gỡ khó bất động sản kịp thời hướng dẫn, tháo gỡ các khó khăn của thị trường, doanh nghiệp. Thủ tướng yêu cầu phải đẩy nhanh tiến độ các dự án, nhất là dự án nhà ở, khu đô thị, khu công nghiệp lớn, có tác động lan tỏa.</p><p >Phía Bộ Xây dựng cũng cần đưa ra những giải pháp để đẩy mạnh phân cấp, phân quyền, cắt giảm thủ tục hành chính, loại bỏ các rào cản; Hoàn thiện các dự thảo về Luật Nhà ở, Luật Kinh doanh bất động sản cũng như các quy định liên quan đến triển khai dự án nhà ở thương mại, nhà ở xã hội; Đẩy nhanh tiến độ thực hiện đề án xây dựng 1 triệu căn nhà ở xã hội.</p><p >Ngân hàng Nhà nước được giao tiếp tục thúc đẩy việc cho vay tín dụng với bất động sản, trong đó có gói tín dụng 120.000 tỷ đồng cho nhà ở xã hội; tiếp tục tìm cách giảm mặt bằng lãi suất. Cơ quan này cũng cần cắt giảm thêm các thủ tục hành chính không phù hợp, gây phiền hà, tốn kém để doanh nghiệp, người mua nhà tiếp cận được nguồn vốn tín dụng thuận lợi; Có chính sách khuyến mại tín dụng đặc biệt dành cho các dự án khả thi, tiến độ triển khai nhanh, tạo động lực cho tăng trưởng và thúc đẩy thị trường bất động sản.</p><p >Các địa phương cũng cần thống kê, phân loại các dự án gặp vướng mắc, chủ động tìm nguyên nhân để gỡ khó. Với những vấn đề vượt thẩm quyền, công điện cho biết cần sớm gửi về Tổ công tác của Thủ tướng để giải quyết. Bên cạnh đó, Thủ tướng cũng yêu cầu các địa phương đẩy nhanh việc lập, phê duyệt các quy hoạch; công khai danh mục dự án đấu thầu để doanh nghiệp tham gia.</p>','2023-09-20','https://res.cloudinary.com/dcpatkvcu/image/upload/v1692603735/samples/cloudinary-group.jpg','13','inactive'),('4','Tailwind CSS Input With Button','<p >Thủ tướng Phạm Minh Chính tiếp tục có công điện về giải pháp phát triển thị trường bất động sản.</p><p >Kể từ khi thị trường bất động sản gặp khó từ 2022, đến nay, Thủ tướng đã nhiều lần ra chỉ đạo gỡ khó thông qua ban hành Nghị quyết, các công điện, công văn, quyết định khác nhau. Thủ tướng cũng thành lập Tổ công tác chuyên biệt, do Bộ Xây dựng làm đầu mối, về vấn đề này.</p><p >Tuy nhiên, Công điện cho biết, thị trường bất động sản vẫn gặp khó khăn, còn nhiều vướng mắc liên quan đến pháp lý, giao đất, định giá, thị trường vốn. Các thủ tục hành chính, phân cấp, phân quyền, tiếp cận tín dụng vẫn chưa thuận lợi.</p><p >Thực tế, trong báo cáo vừa gửi Ủy ban Kinh tế, Bộ Xây dựng cho biết, thị trường vẫn còn tiềm ẩn nhiều bất ổn, từ nguy cơ bong bóng sang suy thoái, nguồn cung bị thiếu, cơ cấu hàng hóa chưa phù hợp nhu cầu. Số lượng dự án hoàn thành trong quý II chỉ bằng nửa quý I và bằng khoảng 29% so với cùng kỳ 2022. Nhiều dự án bị dừng, chậm triển khai do khó khăn về pháp lý, vốn. Gói tín dụng 120.000 tỷ đồng hiện cũng mới giải ngân được 83 tỷ trong tổng số 1.095 tỷ đồng đã ký hợp đồng vay vốn, tức chưa đến 0,07%.</p><p >Trước tình hình này, Thủ tướng yêu cầu các bộ, ngành, địa phương phải xem việc tháo gỡ, thúc đẩy thị trường bất động sản là một trong những nhiệm vụ quan trọng. Ông cho biết, phải giải quyết theo nguyên tắc vướng mắc thuộc thẩm quyền cấp nào thì cấp đó phải xử lý, không né tránh, đùn đẩy, sợ sai, sợ trách nhiệm.</p><p >Thủ tướng giao Bộ trưởng Xây dựng - Tổ trưởng Tổ Công tác của Thủ tướng gỡ khó bất động sản kịp thời hướng dẫn, tháo gỡ các khó khăn của thị trường, doanh nghiệp. Thủ tướng yêu cầu phải đẩy nhanh tiến độ các dự án, nhất là dự án nhà ở, khu đô thị, khu công nghiệp lớn, có tác động lan tỏa.</p><p >Phía Bộ Xây dựng cũng cần đưa ra những giải pháp để đẩy mạnh phân cấp, phân quyền, cắt giảm thủ tục hành chính, loại bỏ các rào cản; Hoàn thiện các dự thảo về Luật Nhà ở, Luật Kinh doanh bất động sản cũng như các quy định liên quan đến triển khai dự án nhà ở thương mại, nhà ở xã hội; Đẩy nhanh tiến độ thực hiện đề án xây dựng 1 triệu căn nhà ở xã hội.</p><p >Ngân hàng Nhà nước được giao tiếp tục thúc đẩy việc cho vay tín dụng với bất động sản, trong đó có gói tín dụng 120.000 tỷ đồng cho nhà ở xã hội; tiếp tục tìm cách giảm mặt bằng lãi suất. Cơ quan này cũng cần cắt giảm thêm các thủ tục hành chính không phù hợp, gây phiền hà, tốn kém để doanh nghiệp, người mua nhà tiếp cận được nguồn vốn tín dụng thuận lợi; Có chính sách khuyến mại tín dụng đặc biệt dành cho các dự án khả thi, tiến độ triển khai nhanh, tạo động lực cho tăng trưởng và thúc đẩy thị trường bất động sản.</p><p >Các địa phương cũng cần thống kê, phân loại các dự án gặp vướng mắc, chủ động tìm nguyên nhân để gỡ khó. Với những vấn đề vượt thẩm quyền, công điện cho biết cần sớm gửi về Tổ công tác của Thủ tướng để giải quyết. Bên cạnh đó, Thủ tướng cũng yêu cầu các địa phương đẩy nhanh việc lập, phê duyệt các quy hoạch; công khai danh mục dự án đấu thầu để doanh nghiệp tham gia.</p>','2023-10-22','https://res.cloudinary.com/dcpatkvcu/image/upload/v1692603735/samples/cloudinary-group.jpg','13','active');
/*!40000 ALTER TABLE `blog` ENABLE KEYS */;
UNLOCK TABLES;

--
-- Table structure for table `candidate`
--

DROP TABLE IF EXISTS `candidate`;
/*!40101 SET @saved_cs_client     = @@character_set_client */;
/*!50503 SET character_set_client = utf8mb4 */;
CREATE TABLE `candidate` (
  `id` varchar(255) CHARACTER SET utf8mb4 COLLATE utf8mb4_vi_0900_ai_ci NOT NULL,
  `first_name` varchar(255) CHARACTER SET utf8mb4 COLLATE utf8mb4_vi_0900_ai_ci NOT NULL,
  `last_name` varchar(255) CHARACTER SET utf8mb4 COLLATE utf8mb4_vi_0900_ai_ci NOT NULL,
  `avatar` varchar(255) CHARACTER SET utf8mb4 COLLATE utf8mb4_vi_0900_ai_ci DEFAULT NULL,
  `date_of_birth` date NOT NULL,
  `sex` varchar(255) CHARACTER SET utf8mb4 COLLATE utf8mb4_vi_0900_ai_ci NOT NULL,
  `account_id` varchar(255) CHARACTER SET utf8mb4 COLLATE utf8mb4_vi_0900_ai_ci NOT NULL,
  `skill` text CHARACTER SET utf8mb4 COLLATE utf8mb4_vi_0900_ai_ci,
  `experience` text CHARACTER SET utf8mb4 COLLATE utf8mb4_vi_0900_ai_ci,
  PRIMARY KEY (`id`),
  UNIQUE KEY `account_id_UNIQUE` (`account_id`),
  UNIQUE KEY `id_UNIQUE` (`id`)
) ENGINE=InnoDB DEFAULT CHARSET=utf8mb4 COLLATE=utf8mb4_vi_0900_ai_ci;
/*!40101 SET character_set_client = @saved_cs_client */;

--
-- Dumping data for table `candidate`
--

LOCK TABLES `candidate` WRITE;
/*!40000 ALTER TABLE `candidate` DISABLE KEYS */;
INSERT INTO `candidate` VALUES ('2e5096a9-00dd-42a9-b995-ad20ca3eea7d','Nguyễn','An','','2023-10-01','Khác','a87cf42f-4eba-4cf3-abf8-abca38753dd1',NULL,NULL),('3c7d0421-272d-4245-9df5-d8d25b5244a9','Nguyễn','Phạm','','2023-09-25','Khác','7b02bc75-47f5-4ed4-b847-5dedd2b8b48b',NULL,NULL),('7fc7ce26-b3e9-415f-a548-789e8e34cf31','Lê','Đẹt','http://res.cloudinary.com/dcpatkvcu/image/upload/v1696166838/DoAnNganh/avatar/tds9y5gw9hqpksz8wxhb.jpg','2005-02-14','Nữ','c30050d1-818c-404d-8390-8190a1ef1293',NULL,NULL),('acb5af56-ebae-4ef1-9751-8bb05502ead7','Phạm Tấn','Hoàng','https://res.cloudinary.com/dzitm0sot/image/upload/v1696416720/hlfyt8v2tzmglb1d2xko.jpg','2002-02-18','Nam','60ce4695-22da-4333-bafa-19ca43cf6d3a','<h3><strong>Back-end:</strong></h3><ul><li><em>Spring Framework</em></li><li><em>.Net Framework</em></li></ul><h3><strong>Front-end:</strong></h3><ul><li><em>Reactjs</em></li><li><em>TailwindCSS</em></li></ul>','<ol><li>Làm việc tại OU từ 2020 - now (Fullstack developer)</li></ol>');
/*!40000 ALTER TABLE `candidate` ENABLE KEYS */;
UNLOCK TABLES;

--
-- Table structure for table `category`
--

DROP TABLE IF EXISTS `category`;
/*!40101 SET @saved_cs_client     = @@character_set_client */;
/*!50503 SET character_set_client = utf8mb4 */;
CREATE TABLE `category` (
  `id` varchar(255) CHARACTER SET utf8mb4 COLLATE utf8mb4_vi_0900_ai_ci NOT NULL,
  `name` varchar(255) CHARACTER SET utf8mb4 COLLATE utf8mb4_vi_0900_ai_ci NOT NULL,
  PRIMARY KEY (`id`),
  UNIQUE KEY `name_UNIQUE` (`name`),
  UNIQUE KEY `id_UNIQUE` (`id`)
) ENGINE=InnoDB DEFAULT CHARSET=utf8mb4 COLLATE=utf8mb4_vi_0900_ai_ci;
/*!40101 SET character_set_client = @saved_cs_client */;

--
-- Dumping data for table `category`
--

LOCK TABLES `category` WRITE;
/*!40000 ALTER TABLE `category` DISABLE KEYS */;
INSERT INTO `category` VALUES ('5','Chăm sóc khách hàng'),('1','Công nghệ thông tin'),('6','Khác'),('2','Kinh doanh'),('4','Thiết kế'),('3','Truyền thông');
/*!40000 ALTER TABLE `category` ENABLE KEYS */;
UNLOCK TABLES;

--
-- Table structure for table `comment`
--

DROP TABLE IF EXISTS `comment`;
/*!40101 SET @saved_cs_client     = @@character_set_client */;
/*!50503 SET character_set_client = utf8mb4 */;
CREATE TABLE `comment` (
  `id` varchar(255) CHARACTER SET utf8mb4 COLLATE utf8mb4_vi_0900_ai_ci NOT NULL,
  `comment` text CHARACTER SET utf8mb4 COLLATE utf8mb4_vi_0900_ai_ci NOT NULL,
  `commented_at` date NOT NULL,
  `comment_id` varchar(255) CHARACTER SET utf8mb4 COLLATE utf8mb4_vi_0900_ai_ci DEFAULT NULL,
  `account_id` varchar(255) CHARACTER SET utf8mb4 COLLATE utf8mb4_vi_0900_ai_ci NOT NULL,
  `blog_id` varchar(255) CHARACTER SET utf8mb4 COLLATE utf8mb4_vi_0900_ai_ci DEFAULT NULL,
  PRIMARY KEY (`id`),
  UNIQUE KEY `id_UNIQUE` (`id`)
) ENGINE=InnoDB DEFAULT CHARSET=utf8mb4 COLLATE=utf8mb4_vi_0900_ai_ci;
/*!40101 SET character_set_client = @saved_cs_client */;

--
-- Dumping data for table `comment`
--

LOCK TABLES `comment` WRITE;
/*!40000 ALTER TABLE `comment` DISABLE KEYS */;
INSERT INTO `comment` VALUES ('2','345','2023-10-22','3','10','1'),('265a335f-a37e-4c4f-88b2-56427bdb207b','hihi','2023-10-24','aee4204a-f1b0-49d2-b20b-f30f31b7b316','1','1'),('3','456','2023-10-21',NULL,'60ce4695-22da-4333-bafa-19ca43cf6d3a','1'),('5e79fdea-6f30-44fb-b768-61e3aee5d5b1','hahaha','2023-10-24',NULL,'1','6a2b372b-8783-406e-b1cf-126d017046f7'),('8a3f63a7-d5bf-430e-b1b7-3950a28166d5','good job!!!','2023-10-24',NULL,'60ce4695-22da-4333-bafa-19ca43cf6d3a','2'),('8d74536f-5b07-44d9-9a48-7b42d461de0c','hoàng đẹp trai  wéeeee\n','2023-10-24',NULL,'13','1'),('aee4204a-f1b0-49d2-b20b-f30f31b7b316','nice!!!','2023-10-24',NULL,'1','1'),('c53cc7e2-11fa-4aa3-97ca-bf3f504d3f26','hahaha','2023-10-24','5e79fdea-6f30-44fb-b768-61e3aee5d5b1','1','6a2b372b-8783-406e-b1cf-126d017046f7'),('c97edba5-c28d-42e7-a05b-6ea4ad5d2311','good','2023-10-24',NULL,'13','4d2459ec-1cff-4d07-90f6-f61acdde1062'),('da19693f-42af-4884-8a5d-9d745dc1bfc0','đúng gòyyyy','2023-10-24','8d74536f-5b07-44d9-9a48-7b42d461de0c','13','1'),('de0248f3-d7c8-4d3b-8f70-a2369d5e6c7c','haha','2023-10-24','aee4204a-f1b0-49d2-b20b-f30f31b7b316','60ce4695-22da-4333-bafa-19ca43cf6d3a','1'),('e5266dbd-ccce-41ec-afbc-7bbf6bd21c6d','thanks!!!','2023-10-24','aee4204a-f1b0-49d2-b20b-f30f31b7b316','13','1');
/*!40000 ALTER TABLE `comment` ENABLE KEYS */;
UNLOCK TABLES;

--
-- Table structure for table `employer`
--

DROP TABLE IF EXISTS `employer`;
/*!40101 SET @saved_cs_client     = @@character_set_client */;
/*!50503 SET character_set_client = utf8mb4 */;
CREATE TABLE `employer` (
  `id` varchar(255) CHARACTER SET utf8mb4 COLLATE utf8mb4_vi_0900_ai_ci NOT NULL,
  `name` varchar(255) CHARACTER SET utf8mb4 COLLATE utf8mb4_vi_0900_ai_ci NOT NULL,
  `address` varchar(255) CHARACTER SET utf8mb4 COLLATE utf8mb4_vi_0900_ai_ci NOT NULL,
  `description` text CHARACTER SET utf8mb4 COLLATE utf8mb4_vi_0900_ai_ci NOT NULL,
  `image` varchar(255) CHARACTER SET utf8mb4 COLLATE utf8mb4_vi_0900_ai_ci DEFAULT NULL,
  `banner` varchar(255) CHARACTER SET utf8mb4 COLLATE utf8mb4_vi_0900_ai_ci DEFAULT NULL,
  `account_id` varchar(255) CHARACTER SET utf8mb4 COLLATE utf8mb4_vi_0900_ai_ci NOT NULL,
  PRIMARY KEY (`id`),
  UNIQUE KEY `account_id_UNIQUE` (`account_id`)
) ENGINE=InnoDB DEFAULT CHARSET=utf8mb4 COLLATE=utf8mb4_vi_0900_ai_ci;
/*!40101 SET character_set_client = @saved_cs_client */;

--
-- Dumping data for table `employer`
--

LOCK TABLES `employer` WRITE;
/*!40000 ALTER TABLE `employer` DISABLE KEYS */;
INSERT INTO `employer` VALUES ('1','Công ty công nghệ đa quốc gia Google','268 Lý Thường Kiệt, Phường 14, Quận 10, Thành phố Hồ Chí Minh, Việt Nam','Google LLC là một công ty công nghệ đa quốc gia của Mỹ, chuyên về các dịch vụ và sản phẩm liên quan đến Internet, bao gồm các công nghệ quảng cáo trực tuyến, công cụ tìm kiếm, điện toán đám mây, phần mềm và phần cứng.','https://res.cloudinary.com/dzitm0sot/image/upload/v1697274150/Google_oecx0q.png','https://res.cloudinary.com/dzitm0sot/image/upload/v1697016052/download_qj21cf.png','13'),('10','Doanh nghiệp Youtube','245/20b, Nguyễn Công Hoan, Hoà An, Liên Chiểu, Đà Nẵng, Việt Nam','YouTube là một nền tảng chia sẻ video trực tuyến của Mỹ có trụ sở chính tại San Bruno, California. Nền tảng này được tạo ra vào tháng 2 năm 2005 bởi ba nhân viên cũ của PayPal — Chad Hurley, Steve Chen và Jawed Karim. ','https://res.cloudinary.com/dcpatkvcu/image/upload/v1695031301/DoAnNganh/Icon_Youtube_Logo_Png_Clipart_5305994_-_PinClipart_preview_rev_1_n9ibgk.png','https://res.cloudinary.com/dcpatkvcu/image/upload/v1695030121/DoAnNganh/download_qj21cf.jpg','10'),('11','Tập đoàn VinGroup','178 Lê Thanh Nghị, Hoà Cường Bắc, Hải Châu, Đà Nẵng, Việt Nam','Tập đoàn Vingroup là một tập đoàn đa ngành của Việt Nam. Vingroup được thành lập vào ngày 8 tháng 8 năm 1993, với tiền thân là công ty Technocom chuyên về sản xuất mỳ ăn liền tại Ukraina bởi một nhóm các du học sinh người Việt Nam, những người này sau đó quay trở lại đầu tư đa ngành tại quê hương.','https://res.cloudinary.com/dzitm0sot/image/upload/v1697383270/yo5ci29ndzhu7guswimu.jpg','https://res.cloudinary.com/dzitm0sot/image/upload/v1697363309/download_qj21cf.png','11'),('12','Doanh nghiệp Tiktok','192 Hoài Thanh, Bắc Mỹ An, Ngũ Hành Sơn, Đà Nẵng, Việt Nam','TikTok là nền tảng video âm nhạc và mạng xã hội của Trung Quốc được ra mắt vào năm 2017, dành cho các thị trường bên ngoài Trung Quốc. bởi Trương Nhất Minh, người sáng lập của ByteDance','https://res.cloudinary.com/dcpatkvcu/image/upload/v1695031301/DoAnNganh/TikTok_Logo_Video_Tik_Tok_Sign_Symbol_Musically_preview_rev_1_ubknkg.png','https://res.cloudinary.com/dcpatkvcu/image/upload/v1695030121/DoAnNganh/Steelcase__Learning_and_Innovation_Center_in_Munich___STYLEPARK_f7qegg.jpg','12'),('2','Tập đoàn đa quốc gia Microsoft','390 Hoàng Văn Thụ, Phường 4, Tân Bình, Thành phố Hồ Chí Minh, Việt Nam','Microsoft là một tập đoàn đa quốc gia của Hoa Kỳ đặt trụ sở chính tại Redmond, Washington; chuyên phát triển, sản xuất, kinh doanh bản quyền phần mềm và hỗ trợ trên diện rộng các sản phẩm và dịch vụ liên quan đến máy tính.','https://res.cloudinary.com/dcpatkvcu/image/upload/v1694704601/DoAnNganh/Microsoft_wdzszl.png','https://res.cloudinary.com/dcpatkvcu/image/upload/v1695030121/DoAnNganh/Steelcase__Learning_and_Innovation_Center_in_Munich___STYLEPARK_f7qegg.jpg','2'),('3','Công ty Airbnb','47 Nguyễn Huy Lượng, Phường 7, Bình Thạnh, Thành phố Hồ Chí Minh, Việt Nam','Airbnb, là một thị trường cộng đồng cho việc đặt và cho thuê phòng, căn hộ, có trụ sở tại Silicon Valley, California được thành lập trong năm 2008, tương tự như một hệ thống đặt hàng trực tuyến.','https://res.cloudinary.com/dcpatkvcu/image/upload/v1694704044/DoAnNganh/Airbnb_dy33tc.png','https://res.cloudinary.com/dcpatkvcu/image/upload/v1695030122/DoAnNganh/_Businesspeople_At_Meeting_Desk__by_Stocksy_Contributor__Lumina__qctwhq.jpg','3'),('4','Công ty phần mềm Slack','475A Đ. Điện Biên Phủ, Phường 25, Bình Thạnh, Thành phố Hồ Chí Minh, Việt Nam','Slack Technologies, LLC là một công ty phần mềm của Mỹ được thành lập vào năm 2009 tại Vancouver, British Columbia, được biết đến với nền tảng giao tiếp độc quyền Slack.','https://res.cloudinary.com/dcpatkvcu/image/upload/v1694701182/DoAnNganh/Slack_lqee4s.png','https://res.cloudinary.com/dcpatkvcu/image/upload/v1695030121/DoAnNganh/download_qj21cf.jpg','4'),('5','Công ty công nghệ Cloudinary','720A Đ. Điện Biên Phủ, Vinhomes Tân Cảng, Bình Thạnh, Thành phố Hồ Chí Minh, Việt Nam','Cloudinary là một công ty công nghệ SaaS có trụ sở chính tại Santa Clara, California, với các văn phòng tại Israel, Anh, Ba Lan và Singapore. Công ty cung cấp dịch vụ quản lý hình ảnh và video dựa trên đám mây.','https://res.cloudinary.com/dcpatkvcu/image/upload/v1694704601/DoAnNganh/Cloudinary_qv3qsn.png','https://res.cloudinary.com/dcpatkvcu/image/upload/v1695030121/DoAnNganh/How_to_Succeed_at_Sandler_Rule_15__The_Best_Presentation_You_Will_Ever_Give_the_Prospect_Will_Never_See_-_Sandler_brqpty.png','5'),('6','Doanh nghiệp Instagram','27 Đ. Cổ Linh, Long Biên, Hà Nội, Việt Nam','Instagram là một dịch vụ mạng xã hội chia sẻ hình ảnh và video của Mỹ được tạo ra bởi Kevin Systrom và Mike Krieger. ','https://res.cloudinary.com/dcpatkvcu/image/upload/v1695031301/DoAnNganh/Instagram_application_icon_Logo_Computer_Icons_Social_media_insta_transparent_background_PNG_clipart_preview_rev_1_wohb6c.png','https://res.cloudinary.com/dcpatkvcu/image/upload/v1695030120/DoAnNganh/How_to_Help_Your_Content_Team_to_Have_Better_Ideas_nixdbd.png','6'),('7','Tập đoàn Xiaomi','3250 Tân Minh, Sóc Sơn, Hà Nội, Việt Nam','Xiaomi Inc. là một Tập đoàn sản xuất hàng điện tử Trung Quốc có trụ sở tại Thâm Quyến. Xiaomi là nhà sản xuất điện thoại thông minh lớn thứ 2 thế giới; trong quí 3 năm 2021, Xiaomi đã chiếm gần 17% thị trường điện thoại thông minh thế giới.','https://res.cloudinary.com/dcpatkvcu/image/upload/v1695031301/DoAnNganh/Xiaomi_Logo_Mi___01_-_PNG_Logo_Vector_Downloads_SVG_EPS_g755yt.png','https://res.cloudinary.com/dcpatkvcu/image/upload/v1695030120/DoAnNganh/Project_Manager_l%C3%A0_g%C3%AC__cxkwho.jpg','7'),('8','Công ty truyền thông xã hội và công nghệ Meta','Số 24 - NH1 , Núi Hiểu, Quang Châu, Việt Yên, Bắc Giang, Việt Nam','Meta là một công ty truyền thông xã hội và công nghệ Mỹ có trụ sở tại Menlo Park, California. Meta cung cấp các sản phẩm và dịch vụ khác. Nó đã mua lại Instagram, WhatsApp và Oculus và phát triển độc lập các ứng dụng Facebook Messenger, Threads, Facebook Watch và Facebook Portal. Nó còn có 9,99% cổ phần trên Jio Platforms.','https://res.cloudinary.com/dcpatkvcu/image/upload/v1695031301/DoAnNganh/Facebook_PNG_%C3%8Dcone_Logo_Transparente_Sem_Fundo_preview_rev_1_ascfuk.png','https://res.cloudinary.com/dcpatkvcu/image/upload/v1695030121/DoAnNganh/download_qj21cf.jpg','8'),('9','Doanh nghiệp Twitter','Đường Kim Chung, Kim Chung, Đông Anh, Hà Nội, Việt Nam','Twitter, là một phương tiện truyền thông mạng xã hội và dịch vụ mạng xã hội trực tuyến được điều hành bởi X Corp., công ty kế thừa của Twitter, Inc. X cho phép người sử dụng đọc, nhắn và cập nhật các mẩu tin nhỏ gọi là tweets, một dạng tiểu blog.','https://res.cloudinary.com/dcpatkvcu/image/upload/v1695031301/DoAnNganh/Twitter_Logo_White_Background_PNG_Image_With_Transparent_Background_png_-_Free_PNG_Images_preview_rev_1_ecww3c.png','https://res.cloudinary.com/dcpatkvcu/image/upload/v1695030122/DoAnNganh/_Businesspeople_At_Meeting_Desk__by_Stocksy_Contributor__Lumina__qctwhq.jpg','9'),('e9b25a1b-db75-4c82-ba49-f5b00b09fdcb','1234','1234','1234','https://res.cloudinary.com/dzitm0sot/image/upload/v1697388795/btafl2lnxold54cdhp8n.png',NULL,'a7d0c590-e122-4e88-84a5-4a94a02dcea3');
/*!40000 ALTER TABLE `employer` ENABLE KEYS */;
UNLOCK TABLES;

--
-- Table structure for table `employer_vip`
--

DROP TABLE IF EXISTS `employer_vip`;
/*!40101 SET @saved_cs_client     = @@character_set_client */;
/*!50503 SET character_set_client = utf8mb4 */;
CREATE TABLE `employer_vip` (
  `id` varchar(255) CHARACTER SET utf8mb4 COLLATE utf8mb4_vi_0900_ai_ci NOT NULL,
  `from_date` date NOT NULL,
  `to_date` date NOT NULL,
  `price` float NOT NULL,
  `employer_id` varchar(255) CHARACTER SET utf8mb4 COLLATE utf8mb4_vi_0900_ai_ci NOT NULL,
  `vip_id` varchar(255) COLLATE utf8mb4_vi_0900_ai_ci NOT NULL,
  PRIMARY KEY (`id`),
  UNIQUE KEY `id_UNIQUE` (`id`)
) ENGINE=InnoDB DEFAULT CHARSET=utf8mb4 COLLATE=utf8mb4_vi_0900_ai_ci;
/*!40101 SET character_set_client = @saved_cs_client */;

--
-- Dumping data for table `employer_vip`
--

LOCK TABLES `employer_vip` WRITE;
/*!40000 ALTER TABLE `employer_vip` DISABLE KEYS */;
INSERT INTO `employer_vip` VALUES ('1','2023-09-10','2023-12-10',300000,'1','1'),('14146806','2023-01-09','2023-01-09',1200000,'1','5'),('14146837','2023-12-09','2024-06-09',500000,'1','3'),('2','2023-09-12','2023-03-12',500000,'2','2'),('3','2023-09-15','2024-09-15',700000,'3','3'),('4','2023-09-18','2023-12-18',300000,'6','1'),('5','2023-09-20','2023-03-20',500000,'12','2'),('7','2023-09-20','2023-03-20',500000,'6','2'),('8','2023-09-20','2023-12-20',300000,'7','1');
/*!40000 ALTER TABLE `employer_vip` ENABLE KEYS */;
UNLOCK TABLES;

--
-- Table structure for table `job`
--

DROP TABLE IF EXISTS `job`;
/*!40101 SET @saved_cs_client     = @@character_set_client */;
/*!50503 SET character_set_client = utf8mb4 */;
CREATE TABLE `job` (
  `id` varchar(255) CHARACTER SET utf8mb4 COLLATE utf8mb4_vi_0900_ai_ci NOT NULL,
  `title` varchar(255) CHARACTER SET utf8mb4 COLLATE utf8mb4_vi_0900_ai_ci NOT NULL,
  `description` text CHARACTER SET utf8mb4 COLLATE utf8mb4_vi_0900_ai_ci NOT NULL,
  `salary` varchar(255) CHARACTER SET utf8mb4 COLLATE utf8mb4_vi_0900_ai_ci NOT NULL,
  `from_date` date NOT NULL,
  `to_date` date NOT NULL,
  `address` varchar(255) CHARACTER SET utf8mb4 COLLATE utf8mb4_vi_0900_ai_ci NOT NULL,
  `category_id` varchar(255) CHARACTER SET utf8mb4 COLLATE utf8mb4_vi_0900_ai_ci NOT NULL,
  `employer_id` varchar(255) CHARACTER SET utf8mb4 COLLATE utf8mb4_vi_0900_ai_ci NOT NULL,
  `state` varchar(255) CHARACTER SET utf8mb4 COLLATE utf8mb4_vi_0900_ai_ci NOT NULL,
  PRIMARY KEY (`id`),
  UNIQUE KEY `id_UNIQUE` (`id`)
) ENGINE=InnoDB DEFAULT CHARSET=utf8mb4 COLLATE=utf8mb4_vi_0900_ai_ci;
/*!40101 SET character_set_client = @saved_cs_client */;

--
-- Dumping data for table `job`
--

LOCK TABLES `job` WRITE;
/*!40000 ALTER TABLE `job` DISABLE KEYS */;
INSERT INTO `job` VALUES ('1','Lập trình viên','<h2><strong>Mô tả công việc</strong></h2><p>- Chương trình Quản trị viên tập sự (lương thưởng hấp dẫn) dành cho sinh viên&nbsp;ĐH sắp và mới ra trường trong năm 2022, 2023 đam mê với khối ngành nghề mình chọn (Kinh tế, Kỹ thuật, Ngoại ngữ,...)</p><p>- Chương trình chỉ áp dụng với các đại học sinh tốt nghiệp thuộc các chuyên ngành sau:</p><p>Cơ khí : 55 người</p><p>Ngôn ngữ Trung: 16 người</p><p>Điện - điện công nghiệp, tự động hóa : 45 người</p><p>Hóa vật liệu/ hóa học : 23 người</p><p>Khối ngành quản lý, kinh tế : 20 người (Nam)</p><h2><strong>Yêu cầu ứng viên</strong></h2><p>- Kỹ năng thuyết trình.</p><p>- Tự tin, tính trách nhiệm cao .</p><p>- Khả năng giao tiếp, xử lý vấn đề tốt.</p><p>- Kinh nghiệm: không yêu cầu</p><h2><strong>Quyền lợi được hưởng</strong></h2><p>- Kí túc xá nhân viên, chuyến xe về TP.HCM vào cuối tuần.</p><p>- Chế độ làm việc: 8 tiếng / ngày, tháng nghỉ 4 ngày. Thời gian làm việc: 7h30-17h00 (buổi trưa được nghỉ 1.5h).</p><p>- Lộ trình thăng tiến rõ ràng.</p><p>- Có cơ hội đi đào tạo tại Trung Quốc và làm việc tại nước ngoài.</p><p>- Thưởng thâm niên, thưởng giữa năm, thưởng cuối năm.</p><p>- Tham gia đầy đủ chế độ theo Luật lao động và các chế độ theo quy định của công ty.</p><p>- Đánh giá thưởng xe hàng năm: SH, vision, wave,...</p><p>- Phụ cấp điện thoại 200.000 VNĐ/tháng.</p><p>- Cung cấp bữa ăn giữa ca hàng ngày.</p><p>- Cấp phát đồ bảo hộ hàng năm.</p><p>- Phát quà và tổ chức tiệc sinh nhật tập thể.</p><p>- Phát quà vào các dịp lễ tết.</p><p>- Tổ chức tiệc tất niên và đi tham quan cắm trại dã ngoại.</p><p>- Hỗ trợ tiền xe về quê ăn tết, ký túc xá cho công nhân viên ở xa.</p>','10 - 12 triệu','2023-10-03','2023-10-18','Hà Nội','1','2','active'),('10','Thiết kế đồ họa cho ứng dụng','<h2><strong>Mô tả công việc</strong></h2><p>- Chương trình Quản trị viên tập sự (lương thưởng hấp dẫn) dành cho sinh viên&nbsp;ĐH sắp và mới ra trường trong năm 2022, 2023 đam mê với khối ngành nghề mình chọn (Kinh tế, Kỹ thuật, Ngoại ngữ,...)</p><p>- Chương trình chỉ áp dụng với các đại học sinh tốt nghiệp thuộc các chuyên ngành sau:</p><p>Cơ khí : 55 người</p><p>Ngôn ngữ Trung: 16 người</p><p>Điện - điện công nghiệp, tự động hóa : 45 người</p><p>Hóa vật liệu/ hóa học : 23 người</p><p>Khối ngành quản lý, kinh tế : 20 người (Nam)</p><h2><strong>Yêu cầu ứng viên</strong></h2><p>- Kỹ năng thuyết trình.</p><p>- Tự tin, tính trách nhiệm cao .</p><p>- Khả năng giao tiếp, xử lý vấn đề tốt.</p><p>- Kinh nghiệm: không yêu cầu</p><h2><strong>Quyền lợi được hưởng</strong></h2><p>- Kí túc xá nhân viên, chuyến xe về TP.HCM vào cuối tuần.</p><p>- Chế độ làm việc: 8 tiếng / ngày, tháng nghỉ 4 ngày. Thời gian làm việc: 7h30-17h00 (buổi trưa được nghỉ 1.5h).</p><p>- Lộ trình thăng tiến rõ ràng.</p><p>- Có cơ hội đi đào tạo tại Trung Quốc và làm việc tại nước ngoài.</p><p>- Thưởng thâm niên, thưởng giữa năm, thưởng cuối năm.</p><p>- Tham gia đầy đủ chế độ theo Luật lao động và các chế độ theo quy định của công ty.</p><p>- Đánh giá thưởng xe hàng năm: SH, vision, wave,...</p><p>- Phụ cấp điện thoại 200.000 VNĐ/tháng.</p><p>- Cung cấp bữa ăn giữa ca hàng ngày.</p><p>- Cấp phát đồ bảo hộ hàng năm.</p><p>- Phát quà và tổ chức tiệc sinh nhật tập thể.</p><p>- Phát quà vào các dịp lễ tết.</p><p>- Tổ chức tiệc tất niên và đi tham quan cắm trại dã ngoại.</p><p>- Hỗ trợ tiền xe về quê ăn tết, ký túc xá cho công nhân viên ở xa.</p>','20 - 30 triệu','2023-10-06','2023-11-05','Hà Nội','4','1','active'),('11','Phát triển phần mềm','<h2><strong>Mô tả công việc</strong></h2><p>- Chương trình Quản trị viên tập sự (lương thưởng hấp dẫn) dành cho sinh viên&nbsp;ĐH sắp và mới ra trường trong năm 2022, 2023 đam mê với khối ngành nghề mình chọn (Kinh tế, Kỹ thuật, Ngoại ngữ,...)</p><p>- Chương trình chỉ áp dụng với các đại học sinh tốt nghiệp thuộc các chuyên ngành sau:</p><p>Cơ khí : 55 người</p><p>Ngôn ngữ Trung: 16 người</p><p>Điện - điện công nghiệp, tự động hóa : 45 người</p><p>Hóa vật liệu/ hóa học : 23 người</p><p>Khối ngành quản lý, kinh tế : 20 người (Nam)</p><h2><strong>Yêu cầu ứng viên</strong></h2><p>- Kỹ năng thuyết trình.</p><p>- Tự tin, tính trách nhiệm cao .</p><p>- Khả năng giao tiếp, xử lý vấn đề tốt.</p><p>- Kinh nghiệm: không yêu cầu</p><h2><strong>Quyền lợi được hưởng</strong></h2><p>- Kí túc xá nhân viên, chuyến xe về TP.HCM vào cuối tuần.</p><p>- Chế độ làm việc: 8 tiếng / ngày, tháng nghỉ 4 ngày. Thời gian làm việc: 7h30-17h00 (buổi trưa được nghỉ 1.5h).</p><p>- Lộ trình thăng tiến rõ ràng.</p><p>- Có cơ hội đi đào tạo tại Trung Quốc và làm việc tại nước ngoài.</p><p>- Thưởng thâm niên, thưởng giữa năm, thưởng cuối năm.</p><p>- Tham gia đầy đủ chế độ theo Luật lao động và các chế độ theo quy định của công ty.</p><p>- Đánh giá thưởng xe hàng năm: SH, vision, wave,...</p><p>- Phụ cấp điện thoại 200.000 VNĐ/tháng.</p><p>- Cung cấp bữa ăn giữa ca hàng ngày.</p><p>- Cấp phát đồ bảo hộ hàng năm.</p><p>- Phát quà và tổ chức tiệc sinh nhật tập thể.</p><p>- Phát quà vào các dịp lễ tết.</p><p>- Tổ chức tiệc tất niên và đi tham quan cắm trại dã ngoại.</p><p>- Hỗ trợ tiền xe về quê ăn tết, ký túc xá cho công nhân viên ở xa.</p>','10 - 12 triệu','2023-10-14','2023-11-14','Hồ Chí Minh','1','1','active'),('12','Quản lý dự án phần mềm','<h2><strong>Mô tả công việc</strong></h2><p>- Chương trình Quản trị viên tập sự (lương thưởng hấp dẫn) dành cho sinh viên&nbsp;ĐH sắp và mới ra trường trong năm 2022, 2023 đam mê với khối ngành nghề mình chọn (Kinh tế, Kỹ thuật, Ngoại ngữ,...)</p><p>- Chương trình chỉ áp dụng với các đại học sinh tốt nghiệp thuộc các chuyên ngành sau:</p><p>Cơ khí : 55 người</p><p>Ngôn ngữ Trung: 16 người</p><p>Điện - điện công nghiệp, tự động hóa : 45 người</p><p>Hóa vật liệu/ hóa học : 23 người</p><p>Khối ngành quản lý, kinh tế : 20 người (Nam)</p><h2><strong>Yêu cầu ứng viên</strong></h2><p>- Kỹ năng thuyết trình.</p><p>- Tự tin, tính trách nhiệm cao .</p><p>- Khả năng giao tiếp, xử lý vấn đề tốt.</p><p>- Kinh nghiệm: không yêu cầu</p><h2><strong>Quyền lợi được hưởng</strong></h2><p>- Kí túc xá nhân viên, chuyến xe về TP.HCM vào cuối tuần.</p><p>- Chế độ làm việc: 8 tiếng / ngày, tháng nghỉ 4 ngày. Thời gian làm việc: 7h30-17h00 (buổi trưa được nghỉ 1.5h).</p><p>- Lộ trình thăng tiến rõ ràng.</p><p>- Có cơ hội đi đào tạo tại Trung Quốc và làm việc tại nước ngoài.</p><p>- Thưởng thâm niên, thưởng giữa năm, thưởng cuối năm.</p><p>- Tham gia đầy đủ chế độ theo Luật lao động và các chế độ theo quy định của công ty.</p><p>- Đánh giá thưởng xe hàng năm: SH, vision, wave,...</p><p>- Phụ cấp điện thoại 200.000 VNĐ/tháng.</p><p>- Cung cấp bữa ăn giữa ca hàng ngày.</p><p>- Cấp phát đồ bảo hộ hàng năm.</p><p>- Phát quà và tổ chức tiệc sinh nhật tập thể.</p><p>- Phát quà vào các dịp lễ tết.</p><p>- Tổ chức tiệc tất niên và đi tham quan cắm trại dã ngoại.</p><p>- Hỗ trợ tiền xe về quê ăn tết, ký túc xá cho công nhân viên ở xa.</p>','20 - 25 triệu','2023-10-17','2023-11-17','Đà Nẵng','1','1','active'),('13','Biên tập nội dung','<h2><strong>Mô tả công việc</strong></h2><p>- Chương trình Quản trị viên tập sự (lương thưởng hấp dẫn) dành cho sinh viên&nbsp;ĐH sắp và mới ra trường trong năm 2022, 2023 đam mê với khối ngành nghề mình chọn (Kinh tế, Kỹ thuật, Ngoại ngữ,...)</p><p>- Chương trình chỉ áp dụng với các đại học sinh tốt nghiệp thuộc các chuyên ngành sau:</p><p>Cơ khí : 55 người</p><p>Ngôn ngữ Trung: 16 người</p><p>Điện - điện công nghiệp, tự động hóa : 45 người</p><p>Hóa vật liệu/ hóa học : 23 người</p><p>Khối ngành quản lý, kinh tế : 20 người (Nam)</p><h2><strong>Yêu cầu ứng viên</strong></h2><p>- Kỹ năng thuyết trình.</p><p>- Tự tin, tính trách nhiệm cao .</p><p>- Khả năng giao tiếp, xử lý vấn đề tốt.</p><p>- Kinh nghiệm: không yêu cầu</p><h2><strong>Quyền lợi được hưởng</strong></h2><p>- Kí túc xá nhân viên, chuyến xe về TP.HCM vào cuối tuần.</p><p>- Chế độ làm việc: 8 tiếng / ngày, tháng nghỉ 4 ngày. Thời gian làm việc: 7h30-17h00 (buổi trưa được nghỉ 1.5h).</p><p>- Lộ trình thăng tiến rõ ràng.</p><p>- Có cơ hội đi đào tạo tại Trung Quốc và làm việc tại nước ngoài.</p><p>- Thưởng thâm niên, thưởng giữa năm, thưởng cuối năm.</p><p>- Tham gia đầy đủ chế độ theo Luật lao động và các chế độ theo quy định của công ty.</p><p>- Đánh giá thưởng xe hàng năm: SH, vision, wave,...</p><p>- Phụ cấp điện thoại 200.000 VNĐ/tháng.</p><p>- Cung cấp bữa ăn giữa ca hàng ngày.</p><p>- Cấp phát đồ bảo hộ hàng năm.</p><p>- Phát quà và tổ chức tiệc sinh nhật tập thể.</p><p>- Phát quà vào các dịp lễ tết.</p><p>- Tổ chức tiệc tất niên và đi tham quan cắm trại dã ngoại.</p><p>- Hỗ trợ tiền xe về quê ăn tết, ký túc xá cho công nhân viên ở xa.</p>','20 - 25 triệu','2023-10-20','2023-11-20','Hà Nội','3','1','active'),('14','Kế toán thuế','<h2><strong>Mô tả công việc</strong></h2><p>- Chương trình Quản trị viên tập sự (lương thưởng hấp dẫn) dành cho sinh viên&nbsp;ĐH sắp và mới ra trường trong năm 2022, 2023 đam mê với khối ngành nghề mình chọn (Kinh tế, Kỹ thuật, Ngoại ngữ,...)</p><p>- Chương trình chỉ áp dụng với các đại học sinh tốt nghiệp thuộc các chuyên ngành sau:</p><p>Cơ khí : 55 người</p><p>Ngôn ngữ Trung: 16 người</p><p>Điện - điện công nghiệp, tự động hóa : 45 người</p><p>Hóa vật liệu/ hóa học : 23 người</p><p>Khối ngành quản lý, kinh tế : 20 người (Nam)</p><h2><strong>Yêu cầu ứng viên</strong></h2><p>- Kỹ năng thuyết trình.</p><p>- Tự tin, tính trách nhiệm cao .</p><p>- Khả năng giao tiếp, xử lý vấn đề tốt.</p><p>- Kinh nghiệm: không yêu cầu</p><h2><strong>Quyền lợi được hưởng</strong></h2><p>- Kí túc xá nhân viên, chuyến xe về TP.HCM vào cuối tuần.</p><p>- Chế độ làm việc: 8 tiếng / ngày, tháng nghỉ 4 ngày. Thời gian làm việc: 7h30-17h00 (buổi trưa được nghỉ 1.5h).</p><p>- Lộ trình thăng tiến rõ ràng.</p><p>- Có cơ hội đi đào tạo tại Trung Quốc và làm việc tại nước ngoài.</p><p>- Thưởng thâm niên, thưởng giữa năm, thưởng cuối năm.</p><p>- Tham gia đầy đủ chế độ theo Luật lao động và các chế độ theo quy định của công ty.</p><p>- Đánh giá thưởng xe hàng năm: SH, vision, wave,...</p><p>- Phụ cấp điện thoại 200.000 VNĐ/tháng.</p><p>- Cung cấp bữa ăn giữa ca hàng ngày.</p><p>- Cấp phát đồ bảo hộ hàng năm.</p><p>- Phát quà và tổ chức tiệc sinh nhật tập thể.</p><p>- Phát quà vào các dịp lễ tết.</p><p>- Tổ chức tiệc tất niên và đi tham quan cắm trại dã ngoại.</p><p>- Hỗ trợ tiền xe về quê ăn tết, ký túc xá cho công nhân viên ở xa.</p>','Thỏa thuận','2023-10-12','2023-11-22','Hồ Chí Minh','2','1','pending'),('15','Hỗ trợ khách hàng qua điện thoại','<h2><strong>Mô tả công việc</strong></h2><p>- Chương trình Quản trị viên tập sự (lương thưởng hấp dẫn) dành cho sinh viên&nbsp;ĐH sắp và mới ra trường trong năm 2022, 2023 đam mê với khối ngành nghề mình chọn (Kinh tế, Kỹ thuật, Ngoại ngữ,...)</p><p>- Chương trình chỉ áp dụng với các đại học sinh tốt nghiệp thuộc các chuyên ngành sau:</p><p>Cơ khí : 55 người</p><p>Ngôn ngữ Trung: 16 người</p><p>Điện - điện công nghiệp, tự động hóa : 45 người</p><p>Hóa vật liệu/ hóa học : 23 người</p><p>Khối ngành quản lý, kinh tế : 20 người (Nam)</p><h2><strong>Yêu cầu ứng viên</strong></h2><p>- Kỹ năng thuyết trình.</p><p>- Tự tin, tính trách nhiệm cao .</p><p>- Khả năng giao tiếp, xử lý vấn đề tốt.</p><p>- Kinh nghiệm: không yêu cầu</p><h2><strong>Quyền lợi được hưởng</strong></h2><p>- Kí túc xá nhân viên, chuyến xe về TP.HCM vào cuối tuần.</p><p>- Chế độ làm việc: 8 tiếng / ngày, tháng nghỉ 4 ngày. Thời gian làm việc: 7h30-17h00 (buổi trưa được nghỉ 1.5h).</p><p>- Lộ trình thăng tiến rõ ràng.</p><p>- Có cơ hội đi đào tạo tại Trung Quốc và làm việc tại nước ngoài.</p><p>- Thưởng thâm niên, thưởng giữa năm, thưởng cuối năm.</p><p>- Tham gia đầy đủ chế độ theo Luật lao động và các chế độ theo quy định của công ty.</p><p>- Đánh giá thưởng xe hàng năm: SH, vision, wave,...</p><p>- Phụ cấp điện thoại 200.000 VNĐ/tháng.</p><p>- Cung cấp bữa ăn giữa ca hàng ngày.</p><p>- Cấp phát đồ bảo hộ hàng năm.</p><p>- Phát quà và tổ chức tiệc sinh nhật tập thể.</p><p>- Phát quà vào các dịp lễ tết.</p><p>- Tổ chức tiệc tất niên và đi tham quan cắm trại dã ngoại.</p><p>- Hỗ trợ tiền xe về quê ăn tết, ký túc xá cho công nhân viên ở xa.</p>','20 - 25 triệu','2023-10-15','2023-11-25','Đà Nẵng','5','1','active'),('16','Phát triển ứng dụng di động','<h2><strong>Mô tả công việc</strong></h2><p>- Chương trình Quản trị viên tập sự (lương thưởng hấp dẫn) dành cho sinh viên&nbsp;ĐH sắp và mới ra trường trong năm 2022, 2023 đam mê với khối ngành nghề mình chọn (Kinh tế, Kỹ thuật, Ngoại ngữ,...)</p><p>- Chương trình chỉ áp dụng với các đại học sinh tốt nghiệp thuộc các chuyên ngành sau:</p><p>Cơ khí : 55 người</p><p>Ngôn ngữ Trung: 16 người</p><p>Điện - điện công nghiệp, tự động hóa : 45 người</p><p>Hóa vật liệu/ hóa học : 23 người</p><p>Khối ngành quản lý, kinh tế : 20 người (Nam)</p><h2><strong>Yêu cầu ứng viên</strong></h2><p>- Kỹ năng thuyết trình.</p><p>- Tự tin, tính trách nhiệm cao .</p><p>- Khả năng giao tiếp, xử lý vấn đề tốt.</p><p>- Kinh nghiệm: không yêu cầu</p><h2><strong>Quyền lợi được hưởng</strong></h2><p>- Kí túc xá nhân viên, chuyến xe về TP.HCM vào cuối tuần.</p><p>- Chế độ làm việc: 8 tiếng / ngày, tháng nghỉ 4 ngày. Thời gian làm việc: 7h30-17h00 (buổi trưa được nghỉ 1.5h).</p><p>- Lộ trình thăng tiến rõ ràng.</p><p>- Có cơ hội đi đào tạo tại Trung Quốc và làm việc tại nước ngoài.</p><p>- Thưởng thâm niên, thưởng giữa năm, thưởng cuối năm.</p><p>- Tham gia đầy đủ chế độ theo Luật lao động và các chế độ theo quy định của công ty.</p><p>- Đánh giá thưởng xe hàng năm: SH, vision, wave,...</p><p>- Phụ cấp điện thoại 200.000 VNĐ/tháng.</p><p>- Cung cấp bữa ăn giữa ca hàng ngày.</p><p>- Cấp phát đồ bảo hộ hàng năm.</p><p>- Phát quà và tổ chức tiệc sinh nhật tập thể.</p><p>- Phát quà vào các dịp lễ tết.</p><p>- Tổ chức tiệc tất niên và đi tham quan cắm trại dã ngoại.</p><p>- Hỗ trợ tiền xe về quê ăn tết, ký túc xá cho công nhân viên ở xa.</p>','10 - 12 triệu','2023-10-18','2023-11-28','Hà Nội','1','1','active'),('17','Thiết kế đồ họa cho ứng dụng di động','<h2><strong>Mô tả công việc</strong></h2><p>- Chương trình Quản trị viên tập sự (lương thưởng hấp dẫn) dành cho sinh viên&nbsp;ĐH sắp và mới ra trường trong năm 2022, 2023 đam mê với khối ngành nghề mình chọn (Kinh tế, Kỹ thuật, Ngoại ngữ,...)</p><p>- Chương trình chỉ áp dụng với các đại học sinh tốt nghiệp thuộc các chuyên ngành sau:</p><p>Cơ khí : 55 người</p><p>Ngôn ngữ Trung: 16 người</p><p>Điện - điện công nghiệp, tự động hóa : 45 người</p><p>Hóa vật liệu/ hóa học : 23 người</p><p>Khối ngành quản lý, kinh tế : 20 người (Nam)</p><h2><strong>Yêu cầu ứng viên</strong></h2><p>- Kỹ năng thuyết trình.</p><p>- Tự tin, tính trách nhiệm cao .</p><p>- Khả năng giao tiếp, xử lý vấn đề tốt.</p><p>- Kinh nghiệm: không yêu cầu</p><h2><strong>Quyền lợi được hưởng</strong></h2><p>- Kí túc xá nhân viên, chuyến xe về TP.HCM vào cuối tuần.</p><p>- Chế độ làm việc: 8 tiếng / ngày, tháng nghỉ 4 ngày. Thời gian làm việc: 7h30-17h00 (buổi trưa được nghỉ 1.5h).</p><p>- Lộ trình thăng tiến rõ ràng.</p><p>- Có cơ hội đi đào tạo tại Trung Quốc và làm việc tại nước ngoài.</p><p>- Thưởng thâm niên, thưởng giữa năm, thưởng cuối năm.</p><p>- Tham gia đầy đủ chế độ theo Luật lao động và các chế độ theo quy định của công ty.</p><p>- Đánh giá thưởng xe hàng năm: SH, vision, wave,...</p><p>- Phụ cấp điện thoại 200.000 VNĐ/tháng.</p><p>- Cung cấp bữa ăn giữa ca hàng ngày.</p><p>- Cấp phát đồ bảo hộ hàng năm.</p><p>- Phát quà và tổ chức tiệc sinh nhật tập thể.</p><p>- Phát quà vào các dịp lễ tết.</p><p>- Tổ chức tiệc tất niên và đi tham quan cắm trại dã ngoại.</p><p>- Hỗ trợ tiền xe về quê ăn tết, ký túc xá cho công nhân viên ở xa.</p>','20 - 25 triệu','2023-10-19','2023-11-29','Hà Nội','6','1','active'),('18','Quản lý sản phẩm phần mềm','<h2><strong>Mô tả công việc</strong></h2><p>- Chương trình Quản trị viên tập sự (lương thưởng hấp dẫn) dành cho sinh viên&nbsp;ĐH sắp và mới ra trường trong năm 2022, 2023 đam mê với khối ngành nghề mình chọn (Kinh tế, Kỹ thuật, Ngoại ngữ,...)</p><p>- Chương trình chỉ áp dụng với các đại học sinh tốt nghiệp thuộc các chuyên ngành sau:</p><p>Cơ khí : 55 người</p><p>Ngôn ngữ Trung: 16 người</p><p>Điện - điện công nghiệp, tự động hóa : 45 người</p><p>Hóa vật liệu/ hóa học : 23 người</p><p>Khối ngành quản lý, kinh tế : 20 người (Nam)</p><h2><strong>Yêu cầu ứng viên</strong></h2><p>- Kỹ năng thuyết trình.</p><p>- Tự tin, tính trách nhiệm cao .</p><p>- Khả năng giao tiếp, xử lý vấn đề tốt.</p><p>- Kinh nghiệm: không yêu cầu</p><h2><strong>Quyền lợi được hưởng</strong></h2><p>- Kí túc xá nhân viên, chuyến xe về TP.HCM vào cuối tuần.</p><p>- Chế độ làm việc: 8 tiếng / ngày, tháng nghỉ 4 ngày. Thời gian làm việc: 7h30-17h00 (buổi trưa được nghỉ 1.5h).</p><p>- Lộ trình thăng tiến rõ ràng.</p><p>- Có cơ hội đi đào tạo tại Trung Quốc và làm việc tại nước ngoài.</p><p>- Thưởng thâm niên, thưởng giữa năm, thưởng cuối năm.</p><p>- Tham gia đầy đủ chế độ theo Luật lao động và các chế độ theo quy định của công ty.</p><p>- Đánh giá thưởng xe hàng năm: SH, vision, wave,...</p><p>- Phụ cấp điện thoại 200.000 VNĐ/tháng.</p><p>- Cung cấp bữa ăn giữa ca hàng ngày.</p><p>- Cấp phát đồ bảo hộ hàng năm.</p><p>- Phát quà và tổ chức tiệc sinh nhật tập thể.</p><p>- Phát quà vào các dịp lễ tết.</p><p>- Tổ chức tiệc tất niên và đi tham quan cắm trại dã ngoại.</p><p>- Hỗ trợ tiền xe về quê ăn tết, ký túc xá cho công nhân viên ở xa.</p>','Thỏa thuận','2023-10-02','2023-12-02','Đà Nẵng','1','1','active'),('19','Hỗ trợ khách hàng khác','<h2><strong>Mô tả công việc</strong></h2><p>- Chương trình Quản trị viên tập sự (lương thưởng hấp dẫn) dành cho sinh viên&nbsp;ĐH sắp và mới ra trường trong năm 2022, 2023 đam mê với khối ngành nghề mình chọn (Kinh tế, Kỹ thuật, Ngoại ngữ,...)</p><p>- Chương trình chỉ áp dụng với các đại học sinh tốt nghiệp thuộc các chuyên ngành sau:</p><p>Cơ khí : 55 người</p><p>Ngôn ngữ Trung: 16 người</p><p>Điện - điện công nghiệp, tự động hóa : 45 người</p><p>Hóa vật liệu/ hóa học : 23 người</p><p>Khối ngành quản lý, kinh tế : 20 người (Nam)</p><h2><strong>Yêu cầu ứng viên</strong></h2><p>- Kỹ năng thuyết trình.</p><p>- Tự tin, tính trách nhiệm cao .</p><p>- Khả năng giao tiếp, xử lý vấn đề tốt.</p><p>- Kinh nghiệm: không yêu cầu</p><h2><strong>Quyền lợi được hưởng</strong></h2><p>- Kí túc xá nhân viên, chuyến xe về TP.HCM vào cuối tuần.</p><p>- Chế độ làm việc: 8 tiếng / ngày, tháng nghỉ 4 ngày. Thời gian làm việc: 7h30-17h00 (buổi trưa được nghỉ 1.5h).</p><p>- Lộ trình thăng tiến rõ ràng.</p><p>- Có cơ hội đi đào tạo tại Trung Quốc và làm việc tại nước ngoài.</p><p>- Thưởng thâm niên, thưởng giữa năm, thưởng cuối năm.</p><p>- Tham gia đầy đủ chế độ theo Luật lao động và các chế độ theo quy định của công ty.</p><p>- Đánh giá thưởng xe hàng năm: SH, vision, wave,...</p><p>- Phụ cấp điện thoại 200.000 VNĐ/tháng.</p><p>- Cung cấp bữa ăn giữa ca hàng ngày.</p><p>- Cấp phát đồ bảo hộ hàng năm.</p><p>- Phát quà và tổ chức tiệc sinh nhật tập thể.</p><p>- Phát quà vào các dịp lễ tết.</p><p>- Tổ chức tiệc tất niên và đi tham quan cắm trại dã ngoại.</p><p>- Hỗ trợ tiền xe về quê ăn tết, ký túc xá cho công nhân viên ở xa.</p>','20 - 25 triệu','2023-10-05','2023-12-05','Hà Nội','5','1','active'),('2','Quản lý dự án IT','<h2><strong>Mô tả công việc</strong></h2><p>- Chương trình Quản trị viên tập sự (lương thưởng hấp dẫn) dành cho sinh viên&nbsp;ĐH sắp và mới ra trường trong năm 2022, 2023 đam mê với khối ngành nghề mình chọn (Kinh tế, Kỹ thuật, Ngoại ngữ,...)</p><p>- Chương trình chỉ áp dụng với các đại học sinh tốt nghiệp thuộc các chuyên ngành sau:</p><p>Cơ khí : 55 người</p><p>Ngôn ngữ Trung: 16 người</p><p>Điện - điện công nghiệp, tự động hóa : 45 người</p><p>Hóa vật liệu/ hóa học : 23 người</p><p>Khối ngành quản lý, kinh tế : 20 người (Nam)</p><h2><strong>Yêu cầu ứng viên</strong></h2><p>- Kỹ năng thuyết trình.</p><p>- Tự tin, tính trách nhiệm cao .</p><p>- Khả năng giao tiếp, xử lý vấn đề tốt.</p><p>- Kinh nghiệm: không yêu cầu</p><h2><strong>Quyền lợi được hưởng</strong></h2><p>- Kí túc xá nhân viên, chuyến xe về TP.HCM vào cuối tuần.</p><p>- Chế độ làm việc: 8 tiếng / ngày, tháng nghỉ 4 ngày. Thời gian làm việc: 7h30-17h00 (buổi trưa được nghỉ 1.5h).</p><p>- Lộ trình thăng tiến rõ ràng.</p><p>- Có cơ hội đi đào tạo tại Trung Quốc và làm việc tại nước ngoài.</p><p>- Thưởng thâm niên, thưởng giữa năm, thưởng cuối năm.</p><p>- Tham gia đầy đủ chế độ theo Luật lao động và các chế độ theo quy định của công ty.</p><p>- Đánh giá thưởng xe hàng năm: SH, vision, wave,...</p><p>- Phụ cấp điện thoại 200.000 VNĐ/tháng.</p><p>- Cung cấp bữa ăn giữa ca hàng ngày.</p><p>- Cấp phát đồ bảo hộ hàng năm.</p><p>- Phát quà và tổ chức tiệc sinh nhật tập thể.</p><p>- Phát quà vào các dịp lễ tết.</p><p>- Tổ chức tiệc tất niên và đi tham quan cắm trại dã ngoại.</p><p>- Hỗ trợ tiền xe về quê ăn tết, ký túc xá cho công nhân viên ở xa.</p>','10 - 12 triệu','2023-09-22','2023-10-22','Hồ Chí Minh','1','1','active'),('20','Phát triển ứng dụng android','<h2><strong>Mô tả công việc</strong></h2><p>- Chương trình Quản trị viên tập sự (lương thưởng hấp dẫn) dành cho sinh viên&nbsp;ĐH sắp và mới ra trường trong năm 2022, 2023 đam mê với khối ngành nghề mình chọn (Kinh tế, Kỹ thuật, Ngoại ngữ,...)</p><p>- Chương trình chỉ áp dụng với các đại học sinh tốt nghiệp thuộc các chuyên ngành sau:</p><p>Cơ khí : 55 người</p><p>Ngôn ngữ Trung: 16 người</p><p>Điện - điện công nghiệp, tự động hóa : 45 người</p><p>Hóa vật liệu/ hóa học : 23 người</p><p>Khối ngành quản lý, kinh tế : 20 người (Nam)</p><h2><strong>Yêu cầu ứng viên</strong></h2><p>- Kỹ năng thuyết trình.</p><p>- Tự tin, tính trách nhiệm cao .</p><p>- Khả năng giao tiếp, xử lý vấn đề tốt.</p><p>- Kinh nghiệm: không yêu cầu</p><h2><strong>Quyền lợi được hưởng</strong></h2><p>- Kí túc xá nhân viên, chuyến xe về TP.HCM vào cuối tuần.</p><p>- Chế độ làm việc: 8 tiếng / ngày, tháng nghỉ 4 ngày. Thời gian làm việc: 7h30-17h00 (buổi trưa được nghỉ 1.5h).</p><p>- Lộ trình thăng tiến rõ ràng.</p><p>- Có cơ hội đi đào tạo tại Trung Quốc và làm việc tại nước ngoài.</p><p>- Thưởng thâm niên, thưởng giữa năm, thưởng cuối năm.</p><p>- Tham gia đầy đủ chế độ theo Luật lao động và các chế độ theo quy định của công ty.</p><p>- Đánh giá thưởng xe hàng năm: SH, vision, wave,...</p><p>- Phụ cấp điện thoại 200.000 VNĐ/tháng.</p><p>- Cung cấp bữa ăn giữa ca hàng ngày.</p><p>- Cấp phát đồ bảo hộ hàng năm.</p><p>- Phát quà và tổ chức tiệc sinh nhật tập thể.</p><p>- Phát quà vào các dịp lễ tết.</p><p>- Tổ chức tiệc tất niên và đi tham quan cắm trại dã ngoại.</p><p>- Hỗ trợ tiền xe về quê ăn tết, ký túc xá cho công nhân viên ở xa.</p>','20 - 25 triệu','2023-10-10','2023-12-05','Hà Nội','5','1','active'),('3','Thiết kế đồ họa Website','<h2><strong>Mô tả công việc</strong></h2><p>- Chương trình Quản trị viên tập sự (lương thưởng hấp dẫn) dành cho sinh viên&nbsp;ĐH sắp và mới ra trường trong năm 2022, 2023 đam mê với khối ngành nghề mình chọn (Kinh tế, Kỹ thuật, Ngoại ngữ,...)</p><p>- Chương trình chỉ áp dụng với các đại học sinh tốt nghiệp thuộc các chuyên ngành sau:</p><p>Cơ khí : 55 người</p><p>Ngôn ngữ Trung: 16 người</p><p>Điện - điện công nghiệp, tự động hóa : 45 người</p><p>Hóa vật liệu/ hóa học : 23 người</p><p>Khối ngành quản lý, kinh tế : 20 người (Nam)</p><h2><strong>Yêu cầu ứng viên</strong></h2><p>- Kỹ năng thuyết trình.</p><p>- Tự tin, tính trách nhiệm cao .</p><p>- Khả năng giao tiếp, xử lý vấn đề tốt.</p><p>- Kinh nghiệm: không yêu cầu</p><h2><strong>Quyền lợi được hưởng</strong></h2><p>- Kí túc xá nhân viên, chuyến xe về TP.HCM vào cuối tuần.</p><p>- Chế độ làm việc: 8 tiếng / ngày, tháng nghỉ 4 ngày. Thời gian làm việc: 7h30-17h00 (buổi trưa được nghỉ 1.5h).</p><p>- Lộ trình thăng tiến rõ ràng.</p><p>- Có cơ hội đi đào tạo tại Trung Quốc và làm việc tại nước ngoài.</p><p>- Thưởng thâm niên, thưởng giữa năm, thưởng cuối năm.</p><p>- Tham gia đầy đủ chế độ theo Luật lao động và các chế độ theo quy định của công ty.</p><p>- Đánh giá thưởng xe hàng năm: SH, vision, wave,...</p><p>- Phụ cấp điện thoại 200.000 VNĐ/tháng.</p><p>- Cung cấp bữa ăn giữa ca hàng ngày.</p><p>- Cấp phát đồ bảo hộ hàng năm.</p><p>- Phát quà và tổ chức tiệc sinh nhật tập thể.</p><p>- Phát quà vào các dịp lễ tết.</p><p>- Tổ chức tiệc tất niên và đi tham quan cắm trại dã ngoại.</p><p>- Hỗ trợ tiền xe về quê ăn tết, ký túc xá cho công nhân viên ở xa.</p>','Thỏa thuận','2023-09-24','2023-10-04','Đà Nẵng','4','1','pending'),('4','Quản lý sản phẩm phần cứng','<h2><strong>Mô tả công việc</strong></h2><p>- Chương trình Quản trị viên tập sự (lương thưởng hấp dẫn) dành cho sinh viên&nbsp;ĐH sắp và mới ra trường trong năm 2022, 2023 đam mê với khối ngành nghề mình chọn (Kinh tế, Kỹ thuật, Ngoại ngữ,...)</p><p>- Chương trình chỉ áp dụng với các đại học sinh tốt nghiệp thuộc các chuyên ngành sau:</p><p>Cơ khí : 55 người</p><p>Ngôn ngữ Trung: 16 người</p><p>Điện - điện công nghiệp, tự động hóa : 45 người</p><p>Hóa vật liệu/ hóa học : 23 người</p><p>Khối ngành quản lý, kinh tế : 20 người (Nam)</p><h2><strong>Yêu cầu ứng viên</strong></h2><p>- Kỹ năng thuyết trình.</p><p>- Tự tin, tính trách nhiệm cao .</p><p>- Khả năng giao tiếp, xử lý vấn đề tốt.</p><p>- Kinh nghiệm: không yêu cầu</p><h2><strong>Quyền lợi được hưởng</strong></h2><p>- Kí túc xá nhân viên, chuyến xe về TP.HCM vào cuối tuần.</p><p>- Chế độ làm việc: 8 tiếng / ngày, tháng nghỉ 4 ngày. Thời gian làm việc: 7h30-17h00 (buổi trưa được nghỉ 1.5h).</p><p>- Lộ trình thăng tiến rõ ràng.</p><p>- Có cơ hội đi đào tạo tại Trung Quốc và làm việc tại nước ngoài.</p><p>- Thưởng thâm niên, thưởng giữa năm, thưởng cuối năm.</p><p>- Tham gia đầy đủ chế độ theo Luật lao động và các chế độ theo quy định của công ty.</p><p>- Đánh giá thưởng xe hàng năm: SH, vision, wave,...</p><p>- Phụ cấp điện thoại 200.000 VNĐ/tháng.</p><p>- Cung cấp bữa ăn giữa ca hàng ngày.</p><p>- Cấp phát đồ bảo hộ hàng năm.</p><p>- Phát quà và tổ chức tiệc sinh nhật tập thể.</p><p>- Phát quà vào các dịp lễ tết.</p><p>- Tổ chức tiệc tất niên và đi tham quan cắm trại dã ngoại.</p><p>- Hỗ trợ tiền xe về quê ăn tết, ký túc xá cho công nhân viên ở xa.</p>','Thỏa thuận','2023-09-10','2023-10-05','Hà Nội','2','1','active'),('5','Hỗ trợ khách hàng online','<h2><strong>Mô tả công việc</strong></h2><p>- Chương trình Quản trị viên tập sự (lương thưởng hấp dẫn) dành cho sinh viên&nbsp;ĐH sắp và mới ra trường trong năm 2022, 2023 đam mê với khối ngành nghề mình chọn (Kinh tế, Kỹ thuật, Ngoại ngữ,...)</p><p>- Chương trình chỉ áp dụng với các đại học sinh tốt nghiệp thuộc các chuyên ngành sau:</p><p>Cơ khí : 55 người</p><p>Ngôn ngữ Trung: 16 người</p><p>Điện - điện công nghiệp, tự động hóa : 45 người</p><p>Hóa vật liệu/ hóa học : 23 người</p><p>Khối ngành quản lý, kinh tế : 20 người (Nam)</p><h2><strong>Yêu cầu ứng viên</strong></h2><p>- Kỹ năng thuyết trình.</p><p>- Tự tin, tính trách nhiệm cao .</p><p>- Khả năng giao tiếp, xử lý vấn đề tốt.</p><p>- Kinh nghiệm: không yêu cầu</p><h2><strong>Quyền lợi được hưởng</strong></h2><p>- Kí túc xá nhân viên, chuyến xe về TP.HCM vào cuối tuần.</p><p>- Chế độ làm việc: 8 tiếng / ngày, tháng nghỉ 4 ngày. Thời gian làm việc: 7h30-17h00 (buổi trưa được nghỉ 1.5h).</p><p>- Lộ trình thăng tiến rõ ràng.</p><p>- Có cơ hội đi đào tạo tại Trung Quốc và làm việc tại nước ngoài.</p><p>- Thưởng thâm niên, thưởng giữa năm, thưởng cuối năm.</p><p>- Tham gia đầy đủ chế độ theo Luật lao động và các chế độ theo quy định của công ty.</p><p>- Đánh giá thưởng xe hàng năm: SH, vision, wave,...</p><p>- Phụ cấp điện thoại 200.000 VNĐ/tháng.</p><p>- Cung cấp bữa ăn giữa ca hàng ngày.</p><p>- Cấp phát đồ bảo hộ hàng năm.</p><p>- Phát quà và tổ chức tiệc sinh nhật tập thể.</p><p>- Phát quà vào các dịp lễ tết.</p><p>- Tổ chức tiệc tất niên và đi tham quan cắm trại dã ngoại.</p><p>- Hỗ trợ tiền xe về quê ăn tết, ký túc xá cho công nhân viên ở xa.</p>','10 - 12 triệu','2023-09-10','2023-10-30','Hồ Chí Minh','5','1','pending'),('6','Phát triển ứng dụng web','<h2><strong>Mô tả công việc</strong></h2><p>- Chương trình Quản trị viên tập sự (lương thưởng hấp dẫn) dành cho sinh viên&nbsp;ĐH sắp và mới ra trường trong năm 2022, 2023 đam mê với khối ngành nghề mình chọn (Kinh tế, Kỹ thuật, Ngoại ngữ,...)</p><p>- Chương trình chỉ áp dụng với các đại học sinh tốt nghiệp thuộc các chuyên ngành sau:</p><p>Cơ khí : 55 người</p><p>Ngôn ngữ Trung: 16 người</p><p>Điện - điện công nghiệp, tự động hóa : 45 người</p><p>Hóa vật liệu/ hóa học : 23 người</p><p>Khối ngành quản lý, kinh tế : 20 người (Nam)</p><h2><strong>Yêu cầu ứng viên</strong></h2><p>- Kỹ năng thuyết trình.</p><p>- Tự tin, tính trách nhiệm cao .</p><p>- Khả năng giao tiếp, xử lý vấn đề tốt.</p><p>- Kinh nghiệm: không yêu cầu</p><h2><strong>Quyền lợi được hưởng</strong></h2><p>- Kí túc xá nhân viên, chuyến xe về TP.HCM vào cuối tuần.</p><p>- Chế độ làm việc: 8 tiếng / ngày, tháng nghỉ 4 ngày. Thời gian làm việc: 7h30-17h00 (buổi trưa được nghỉ 1.5h).</p><p>- Lộ trình thăng tiến rõ ràng.</p><p>- Có cơ hội đi đào tạo tại Trung Quốc và làm việc tại nước ngoài.</p><p>- Thưởng thâm niên, thưởng giữa năm, thưởng cuối năm.</p><p>- Tham gia đầy đủ chế độ theo Luật lao động và các chế độ theo quy định của công ty.</p><p>- Đánh giá thưởng xe hàng năm: SH, vision, wave,...</p><p>- Phụ cấp điện thoại 200.000 VNĐ/tháng.</p><p>- Cung cấp bữa ăn giữa ca hàng ngày.</p><p>- Cấp phát đồ bảo hộ hàng năm.</p><p>- Phát quà và tổ chức tiệc sinh nhật tập thể.</p><p>- Phát quà vào các dịp lễ tết.</p><p>- Tổ chức tiệc tất niên và đi tham quan cắm trại dã ngoại.</p><p>- Hỗ trợ tiền xe về quê ăn tết, ký túc xá cho công nhân viên ở xa.</p>','10 - 12 triệu','2023-10-02','2023-11-02','Đà Nẵng','1','1','active'),('7','Kế toán','<h2><strong>Mô tả công việc</strong></h2><p>- Chương trình Quản trị viên tập sự (lương thưởng hấp dẫn) dành cho sinh viên&nbsp;ĐH sắp và mới ra trường trong năm 2022, 2023 đam mê với khối ngành nghề mình chọn (Kinh tế, Kỹ thuật, Ngoại ngữ,...)</p><p>- Chương trình chỉ áp dụng với các đại học sinh tốt nghiệp thuộc các chuyên ngành sau:</p><p>Cơ khí : 55 người</p><p>Ngôn ngữ Trung: 16 người</p><p>Điện - điện công nghiệp, tự động hóa : 45 người</p><p>Hóa vật liệu/ hóa học : 23 người</p><p>Khối ngành quản lý, kinh tế : 20 người (Nam)</p><h2><strong>Yêu cầu ứng viên</strong></h2><p>- Kỹ năng thuyết trình.</p><p>- Tự tin, tính trách nhiệm cao .</p><p>- Khả năng giao tiếp, xử lý vấn đề tốt.</p><p>- Kinh nghiệm: không yêu cầu</p><h2><strong>Quyền lợi được hưởng</strong></h2><p>- Kí túc xá nhân viên, chuyến xe về TP.HCM vào cuối tuần.</p><p>- Chế độ làm việc: 8 tiếng / ngày, tháng nghỉ 4 ngày. Thời gian làm việc: 7h30-17h00 (buổi trưa được nghỉ 1.5h).</p><p>- Lộ trình thăng tiến rõ ràng.</p><p>- Có cơ hội đi đào tạo tại Trung Quốc và làm việc tại nước ngoài.</p><p>- Thưởng thâm niên, thưởng giữa năm, thưởng cuối năm.</p><p>- Tham gia đầy đủ chế độ theo Luật lao động và các chế độ theo quy định của công ty.</p><p>- Đánh giá thưởng xe hàng năm: SH, vision, wave,...</p><p>- Phụ cấp điện thoại 200.000 VNĐ/tháng.</p><p>- Cung cấp bữa ăn giữa ca hàng ngày.</p><p>- Cấp phát đồ bảo hộ hàng năm.</p><p>- Phát quà và tổ chức tiệc sinh nhật tập thể.</p><p>- Phát quà vào các dịp lễ tết.</p><p>- Tổ chức tiệc tất niên và đi tham quan cắm trại dã ngoại.</p><p>- Hỗ trợ tiền xe về quê ăn tết, ký túc xá cho công nhân viên ở xa.</p>','10 - 12 triệu','2023-10-05','2023-11-05','Hà Nội','2','1','active'),('8','Quảng cáo và PR','<h2><strong>Mô tả công việc</strong></h2><p>- Chương trình Quản trị viên tập sự (lương thưởng hấp dẫn) dành cho sinh viên&nbsp;ĐH sắp và mới ra trường trong năm 2022, 2023 đam mê với khối ngành nghề mình chọn (Kinh tế, Kỹ thuật, Ngoại ngữ,...)</p><p>- Chương trình chỉ áp dụng với các đại học sinh tốt nghiệp thuộc các chuyên ngành sau:</p><p>Cơ khí : 55 người</p><p>Ngôn ngữ Trung: 16 người</p><p>Điện - điện công nghiệp, tự động hóa : 45 người</p><p>Hóa vật liệu/ hóa học : 23 người</p><p>Khối ngành quản lý, kinh tế : 20 người (Nam)</p><h2><strong>Yêu cầu ứng viên</strong></h2><p>- Kỹ năng thuyết trình.</p><p>- Tự tin, tính trách nhiệm cao .</p><p>- Khả năng giao tiếp, xử lý vấn đề tốt.</p><p>- Kinh nghiệm: không yêu cầu</p><h2><strong>Quyền lợi được hưởng</strong></h2><p>- Kí túc xá nhân viên, chuyến xe về TP.HCM vào cuối tuần.</p><p>- Chế độ làm việc: 8 tiếng / ngày, tháng nghỉ 4 ngày. Thời gian làm việc: 7h30-17h00 (buổi trưa được nghỉ 1.5h).</p><p>- Lộ trình thăng tiến rõ ràng.</p><p>- Có cơ hội đi đào tạo tại Trung Quốc và làm việc tại nước ngoài.</p><p>- Thưởng thâm niên, thưởng giữa năm, thưởng cuối năm.</p><p>- Tham gia đầy đủ chế độ theo Luật lao động và các chế độ theo quy định của công ty.</p><p>- Đánh giá thưởng xe hàng năm: SH, vision, wave,...</p><p>- Phụ cấp điện thoại 200.000 VNĐ/tháng.</p><p>- Cung cấp bữa ăn giữa ca hàng ngày.</p><p>- Cấp phát đồ bảo hộ hàng năm.</p><p>- Phát quà và tổ chức tiệc sinh nhật tập thể.</p><p>- Phát quà vào các dịp lễ tết.</p><p>- Tổ chức tiệc tất niên và đi tham quan cắm trại dã ngoại.</p><p>- Hỗ trợ tiền xe về quê ăn tết, ký túc xá cho công nhân viên ở xa.</p>','Thỏa thuận','2023-10-08','2023-11-08','Hồ Chí Minh','3','1','active'),('9','Hỗ trợ khách hàng trực tuyến','<h2><strong>Mô tả công việc</strong></h2><p>- Chương trình Quản trị viên tập sự (lương thưởng hấp dẫn) dành cho sinh viên&nbsp;ĐH sắp và mới ra trường trong năm 2022, 2023 đam mê với khối ngành nghề mình chọn (Kinh tế, Kỹ thuật, Ngoại ngữ,...)</p><p>- Chương trình chỉ áp dụng với các đại học sinh tốt nghiệp thuộc các chuyên ngành sau:</p><p>Cơ khí : 55 người</p><p>Ngôn ngữ Trung: 16 người</p><p>Điện - điện công nghiệp, tự động hóa : 45 người</p><p>Hóa vật liệu/ hóa học : 23 người</p><p>Khối ngành quản lý, kinh tế : 20 người (Nam)</p><h2><strong>Yêu cầu ứng viên</strong></h2><p>- Kỹ năng thuyết trình.</p><p>- Tự tin, tính trách nhiệm cao .</p><p>- Khả năng giao tiếp, xử lý vấn đề tốt.</p><p>- Kinh nghiệm: không yêu cầu</p><h2><strong>Quyền lợi được hưởng</strong></h2><p>- Kí túc xá nhân viên, chuyến xe về TP.HCM vào cuối tuần.</p><p>- Chế độ làm việc: 8 tiếng / ngày, tháng nghỉ 4 ngày. Thời gian làm việc: 7h30-17h00 (buổi trưa được nghỉ 1.5h).</p><p>- Lộ trình thăng tiến rõ ràng.</p><p>- Có cơ hội đi đào tạo tại Trung Quốc và làm việc tại nước ngoài.</p><p>- Thưởng thâm niên, thưởng giữa năm, thưởng cuối năm.</p><p>- Tham gia đầy đủ chế độ theo Luật lao động và các chế độ theo quy định của công ty.</p><p>- Đánh giá thưởng xe hàng năm: SH, vision, wave,...</p><p>- Phụ cấp điện thoại 200.000 VNĐ/tháng.</p><p>- Cung cấp bữa ăn giữa ca hàng ngày.</p><p>- Cấp phát đồ bảo hộ hàng năm.</p><p>- Phát quà và tổ chức tiệc sinh nhật tập thể.</p><p>- Phát quà vào các dịp lễ tết.</p><p>- Tổ chức tiệc tất niên và đi tham quan cắm trại dã ngoại.</p><p>- Hỗ trợ tiền xe về quê ăn tết, ký túc xá cho công nhân viên ở xa.</p>','20 - 25 triệu','2023-10-10','2023-11-10','Đà Nẵng','5','1','active');
/*!40000 ALTER TABLE `job` ENABLE KEYS */;
UNLOCK TABLES;

--
-- Table structure for table `vip`
--

DROP TABLE IF EXISTS `vip`;
/*!40101 SET @saved_cs_client     = @@character_set_client */;
/*!50503 SET character_set_client = utf8mb4 */;
CREATE TABLE `vip` (
  `id` varchar(255) COLLATE utf8mb4_unicode_ci NOT NULL,
  `name` varchar(255) COLLATE utf8mb4_unicode_ci NOT NULL,
  `amount` int NOT NULL,
  `price` float NOT NULL,
  `state` varchar(255) COLLATE utf8mb4_unicode_ci NOT NULL,
  PRIMARY KEY (`id`),
  UNIQUE KEY `id_UNIQUE` (`id`),
  UNIQUE KEY `name_UNIQUE` (`name`)
) ENGINE=InnoDB DEFAULT CHARSET=utf8mb4 COLLATE=utf8mb4_unicode_ci;
/*!40101 SET character_set_client = @saved_cs_client */;

--
-- Dumping data for table `vip`
--

LOCK TABLES `vip` WRITE;
/*!40000 ALTER TABLE `vip` DISABLE KEYS */;
INSERT INTO `vip` VALUES ('1','VIP1T',1,150000,'active'),('2','VIP3T',3,300000,'active'),('3','VIP6T',6,500000,'active'),('4','VIP12T',12,700000,'active'),('5','VIP24T',24,1200000,'active');
/*!40000 ALTER TABLE `vip` ENABLE KEYS */;
UNLOCK TABLES;
/*!40103 SET TIME_ZONE=@OLD_TIME_ZONE */;

/*!40101 SET SQL_MODE=@OLD_SQL_MODE */;
/*!40014 SET FOREIGN_KEY_CHECKS=@OLD_FOREIGN_KEY_CHECKS */;
/*!40014 SET UNIQUE_CHECKS=@OLD_UNIQUE_CHECKS */;
/*!40101 SET CHARACTER_SET_CLIENT=@OLD_CHARACTER_SET_CLIENT */;
/*!40101 SET CHARACTER_SET_RESULTS=@OLD_CHARACTER_SET_RESULTS */;
/*!40101 SET COLLATION_CONNECTION=@OLD_COLLATION_CONNECTION */;
/*!40111 SET SQL_NOTES=@OLD_SQL_NOTES */;

-- Dump completed on 2023-10-24 23:48:13
